Região;UF;Cidade;Sexo;Faixa Etária;Ano Abertura;Mês Abertura;Data Abertura;Data Resposta;Data Finalização;Tempo Resposta;Nome Fantasia;Segmento de Mercado;Área;Assunto;Grupo Problema;Problema;Como Comprou Contratou;Procurou Empresa;Respondida;Situação;Avaliação Reclamação;Nota do Consumidor
Sul;RS;Porto Alegre;M;entre 41 a 50 anos;2026;3;04/03/2026;;;7;Operadora Ômega (fictícia);Operadoras de Telecomunicações (Telefonia, Internet, TV por assinatura);Outros;Assunto;Cobrança / Contestação;Cobrança indevida / abusiva;Telefone;S;S;Finalizada não avaliada;Não Avaliada;
Sudeste;RJ;Rio de Janeiro;M;entre 31 a 40 anos;2026;5;10/05/2026;;;3;Banco Alfa (fictício);Bancos, Financeiras e Administradoras de Cartão;Serviços Financeiros;Assunto;Cobrança / Contestação;Cobrança indevida / abusiva;Loja física;N;S;Finalizada avaliada - Não Resolvida;Não Resolvida;3
Sudeste;RJ;Rio de Janeiro;M;entre 21 a 30 anos;2026;6;28/06/2026;;;4;Loja Delta (fictícia);Comércio Eletrônico;Outros;Assunto;Entrega do Produto;Não entrega / demora na entrega do produto;Telefone;S;S;Finalizada não avaliada;Não Avaliada;
Sudeste;MG;Belo Horizonte;M;entre 31 a 40 anos;2026;3;09/03/2026;;;10;Cartões Zeta (fictícia);Bancos, Financeiras e Administradoras de Cartão;Serviços Financeiros;Assunto;Contrato / Oferta;Dificuldade para cancelar o cartão;Internet;N;S;Finalizada não avaliada;Não Avaliada;
Sul;RS;Porto Alegre;M;entre 21 a 30 anos;2026;5;28/05/2026;;;7;Loja Delta (fictícia);Comércio Eletrônico;Outros;Assunto;Contrato / Oferta;Dificuldade / atraso na devolução de valores pagos;Internet;N;S;Finalizada não avaliada;Não Avaliada;
Sudeste;RJ;Rio de Janeiro;M;entre 41 a 50 anos;2026;4;05/04/2026;;;4;Fintech Beta (fictícia);Bancos, Financeiras e Administradoras de Cartão;Serviços Financeiros;Assunto;Contrato / Oferta;Dificuldade para cancelar o cartão;Loja física;S;S;Finalizada avaliada - Resolvida;Resolvida;4
Sul;RS;Porto Alegre;M;entre 21 a 30 anos;2026;8;25/08/2026;;;3;Banco Alfa (fictício);Bancos, Financeiras e Administradoras de Cartão;Serviços Financeiros;Assunto;Atendimento / SAC;Dificuldade de contato / acesso a outros canais;Internet;N;S;Finalizada não avaliada;Não Avaliada;
Sudeste;RJ;Rio de Janeiro;F;entre 21 a 30 anos;2026;8;22/08/2026;;;8;Cartões Zeta (fictícia);Bancos, Financeiras e Administradoras de Cartão;Serviços Financeiros;Assunto;Cobrança / Contestação;Cobrança por serviço/produto não contratado / não reconhecido / não solicitado;Loja física;N;S;Finalizada não avaliada;Não Avaliada;
Sudeste;RJ;Rio de Janeiro;F;entre 41 a 50 anos;2026;3;09/03/2026;;;9;Cartões Zeta (fictícia);Bancos, Financeiras e Administradoras de Cartão;Serviços Financeiros;Assunto;Atendimento / SAC;Dificuldade de contato / acesso a outros canais;Telefone;N;S;Finalizada não avaliada;Não Avaliada;
Sudeste;MG;Belo Horizonte;F;entre 41 a 50 anos;2026;5;07/05/2026;;;1;Fintech Beta (fictícia);Bancos, Financeiras e Administradoras de Cartão;Serviços Financeiros;Assunto;Cobrança / Contestação;Cobrança indevida / abusiva;Internet;N;S;Finalizada avaliada - Resolvida;Resolvida;4
Sudeste;MG;Belo Horizonte;M;entre 41 a 50 anos;2026;3;06/03/2026;;;;Cartões Zeta (fictícia);Bancos, Financeiras e Administradoras de Cartão;Serviços Financeiros;Assunto;Atendimento / SAC;Dificuldade de contato / acesso a outros canais;Loja física;S;N;Finalizada não avaliada;Não Avaliada;
Sul;RS;Porto Alegre;M;entre 41 a 50 anos;2026;7;16/07/2026;;;9;Operadora Ômega (fictícia);Operadoras de Telecomunicações (Telefonia, Internet, TV por assinatura);Outros;Assunto;Contrato / Oferta;Dificuldade / atraso no cancelamento;Internet;N;S;Finalizada avaliada - Não Resolvida;Não Resolvida;2
Sudeste;MG;Belo Horizonte;M;entre 41 a 50 anos;2026;2;20/02/2026;;;5;Loja Delta (fictícia);Comércio Eletrônico;Outros;Assunto;Contrato / Oferta;Dificuldade / atraso na devolução de valores pagos;Telefone;N;S;Finalizada não avaliada;Não Avaliada;
Sul;RS;Porto Alegre;M;entre 21 a 30 anos;2026;3;03/03/2026;;;9;Banco Alfa (fictício);Bancos, Financeiras e Administradoras de Cartão;Serviços Financeiros;Assunto;Contrato / Oferta;Dificuldade para cancelar o cartão;Loja física;N;S;Finalizada avaliada - Resolvida;Resolvida;4
Sul;RS;Porto Alegre;F;entre 31 a 40 anos;2026;5;16/05/2026;;;2;Marketplace Épsilon (fictício);Comércio Eletrônico;Outros;Assunto;Entrega do Produto;Não entrega / demora na entrega do produto;Loja física;N;S;Finalizada avaliada - Resolvida;Resolvida;4
Nordeste;BA;Salvador;M;entre 41 a 50 anos;2026;1;31/01/2026;;;8;Telecom Gama (fictícia);Operadoras de Telecomunicações (Telefonia, Internet, TV por assinatura);Outros;Assunto;Contrato / Oferta;Dificuldade / atraso no cancelamento;Loja física;S;S;Finalizada avaliada - Não Resolvida;Não Resolvida;1
Sul;RS;Porto Alegre;F;entre 21 a 30 anos;2026;1;19/01/2026;;;3;Fintech Beta (fictícia);Bancos, Financeiras e Administradoras de Cartão;Serviços Financeiros;Assunto;Cobrança / Contestação;Cobrança por serviço/produto não contratado / não reconhecido / não solicitado;Telefone;N;S;Finalizada avaliada - Resolvida;Resolvida;4
Nordeste;BA;Salvador;M;entre 31 a 40 anos;2026;4;01/04/2026;;;3;Banco Alfa (fictício);Bancos, Financeiras e Administradoras de Cartão;Serviços Financeiros;Assunto;Cobrança / Contestação;Cobrança por serviço/produto não contratado / não reconhecido / não solicitado;Loja física;N;S;Finalizada avaliada - Não Resolvida;Não Resolvida;1
Sudeste;RJ;Rio de Janeiro;F;entre 21 a 30 anos;2026;2;19/02/2026;;;5;Loja Delta (fictícia);Comércio Eletrônico;Outros;Assunto;Entrega do Produto;Não entrega / demora na entrega do produto;Internet;N;S;Finalizada avaliada - Resolvida;Resolvida;5
Sudeste;SP;São Paulo;M;entre 31 a 40 anos;2026;1;13/01/2026;;;4;Loja Delta (fictícia);Comércio Eletrônico;Outros;Assunto;Contrato / Oferta;Dificuldade / atraso na devolução de valores pagos;Telefone;N;S;Finalizada avaliada - Resolvida;Resolvida;4
Sudeste;SP;São Paulo;F;entre 31 a 40 anos;2026;2;12/02/2026;;;3;Fintech Beta (fictícia);Bancos, Financeiras e Administradoras de Cartão;Serviços Financeiros;Assunto;Atendimento / SAC;Dificuldade de contato / acesso a outros canais;Telefone;N;S;Finalizada não avaliada;Não Avaliada;
Sudeste;MG;Belo Horizonte;M;entre 41 a 50 anos;2026;6;19/06/2026;;;8;Operadora Ômega (fictícia);Operadoras de Telecomunicações (Telefonia, Internet, TV por assinatura);Outros;Assunto;Contrato / Oferta;Dificuldade / atraso no cancelamento;Telefone;S;S;Finalizada não avaliada;Não Avaliada;
Sudeste;MG;Belo Horizonte;M;entre 21 a 30 anos;2026;8;24/08/2026;;;7;Banco Alfa (fictício);Bancos, Financeiras e Administradoras de Cartão;Serviços Financeiros;Assunto;Atendimento / SAC;Dificuldade de contato / acesso a outros canais;Loja física;S;S;Finalizada avaliada - Não Resolvida;Não Resolvida;1
Nordeste;BA;Salvador;F;entre 21 a 30 anos;2026;1;31/01/2026;;;5;Operadora Ômega (fictícia);Operadoras de Telecomunicações (Telefonia, Internet, TV por assinatura);Outros;Assunto;Cobrança / Contestação;Cobrança indevida / abusiva;Loja física;N;S;Finalizada avaliada - Resolvida;Resolvida;5
Sudeste;RJ;Rio de Janeiro;M;entre 31 a 40 anos;2026;6;21/06/2026;;;2;Fintech Beta (fictícia);Bancos, Financeiras e Administradoras de Cartão;Serviços Financeiros;Assunto;Atendimento / SAC;Dificuldade de contato / acesso a outros canais;Loja física;S;S;Finalizada avaliada - Não Resolvida;Não Resolvida;1
Sudeste;MG;Belo Horizonte;F;entre 41 a 50 anos;2026;3;09/03/2026;;;6;Banco Alfa (fictício);Bancos, Financeiras e Administradoras de Cartão;Serviços Financeiros;Assunto;Cobrança / Contestação;Cobrança indevida / abusiva;Loja física;S;S;Finalizada avaliada - Resolvida;Resolvida;5
Sul;RS;Porto Alegre;M;entre 31 a 40 anos;2026;8;27/08/2026;;;8;Operadora Ômega (fictícia);Operadoras de Telecomunicações (Telefonia, Internet, TV por assinatura);Outros;Assunto;Contrato / Oferta;Dificuldade / atraso no cancelamento;Internet;S;S;Finalizada não avaliada;Não Avaliada;
Sul;RS;Porto Alegre;F;entre 21 a 30 anos;2026;3;14/03/2026;;;4;Loja Delta (fictícia);Comércio Eletrônico;Outros;Assunto;Entrega do Produto;Não entrega / demora na entrega do produto;Internet;N;S;Finalizada avaliada - Resolvida;Resolvida;5
Sudeste;SP;São Paulo;F;entre 41 a 50 anos;2026;3;27/03/2026;;;3;Loja Delta (fictícia);Comércio Eletrônico;Outros;Assunto;Entrega do Produto;Não entrega / demora na entrega do produto;Internet;S;S;Finalizada avaliada - Resolvida;Resolvida;5
Sudeste;MG;Belo Horizonte;F;entre 21 a 30 anos;2026;1;10/01/2026;;;5;Banco Alfa (fictício);Bancos, Financeiras e Administradoras de Cartão;Serviços Financeiros;Assunto;Cobrança / Contestação;Cobrança indevida / abusiva;Loja física;S;S;Finalizada avaliada - Resolvida;Resolvida;4
Sudeste;MG;Belo Horizonte;M;entre 21 a 30 anos;2026;8;15/08/2026;;;6;Operadora Ômega (fictícia);Operadoras de Telecomunicações (Telefonia, Internet, TV por assinatura);Outros;Assunto;Vício de Qualidade;Serviço não fornecido / interrompido;Internet;S;S;Finalizada não avaliada;Não Avaliada;
Sudeste;RJ;Rio de Janeiro;F;entre 21 a 30 anos;2026;7;08/07/2026;;;4;Loja Delta (fictícia);Comércio Eletrônico;Outros;Assunto;Entrega do Produto;Não entrega / demora na entrega do produto;Loja física;S;S;Finalizada avaliada - Resolvida;Resolvida;4
Nordeste;BA;Salvador;F;entre 31 a 40 anos;2026;2;26/02/2026;;;7;Cartões Zeta (fictícia);Bancos, Financeiras e Administradoras de Cartão;Serviços Financeiros;Assunto;Cobrança / Contestação;Cobrança por serviço/produto não contratado / não reconhecido / não solicitado;Internet;S;S;Finalizada não avaliada;Não Avaliada;
Nordeste;BA;Salvador;M;entre 21 a 30 anos;2026;3;26/03/2026;;;9;Banco Alfa (fictício);Bancos, Financeiras e Administradoras de Cartão;Serviços Financeiros;Assunto;Cobrança / Contestação;Cobrança indevida / abusiva;Telefone;S;S;Finalizada avaliada - Resolvida;Resolvida;5
Sudeste;SP;São Paulo;M;entre 31 a 40 anos;2026;1;28/01/2026;;;9;Telecom Gama (fictícia);Operadoras de Telecomunicações (Telefonia, Internet, TV por assinatura);Outros;Assunto;Vício de Qualidade;Serviço não fornecido / interrompido;Loja física;S;S;Finalizada avaliada - Não Resolvida;Não Resolvida;3
Sudeste;SP;São Paulo;M;entre 31 a 40 anos;2026;5;14/05/2026;;;1;Fintech Beta (fictícia);Bancos, Financeiras e Administradoras de Cartão;Serviços Financeiros;Assunto;Atendimento / SAC;Dificuldade de contato / acesso a outros canais;Telefone;S;S;Finalizada não avaliada;Não Avaliada;
Sudeste;MG;Belo Horizonte;F;entre 31 a 40 anos;2026;3;22/03/2026;;;4;Marketplace Épsilon (fictício);Comércio Eletrônico;Outros;Assunto;Vício de Qualidade;Produto danificado / com defeito;Telefone;N;S;Finalizada avaliada - Não Resolvida;Não Resolvida;2
Nordeste;BA;Salvador;F;entre 31 a 40 anos;2026;6;20/06/2026;;;6;Telecom Gama (fictícia);Operadoras de Telecomunicações (Telefonia, Internet, TV por assinatura);Outros;Assunto;Cobrança / Contestação;Cobrança indevida / abusiva;Internet;N;S;Finalizada avaliada - Resolvida;Resolvida;4
Sul;RS;Porto Alegre;M;entre 31 a 40 anos;2026;4;30/04/2026;;;1;Loja Delta (fictícia);Comércio Eletrônico;Outros;Assunto;Contrato / Oferta;Dificuldade / atraso na devolução de valores pagos;Loja física;N;S;Finalizada avaliada - Resolvida;Resolvida;4
Sul;RS;Porto Alegre;M;entre 31 a 40 anos;2026;2;27/02/2026;;;6;Banco Alfa (fictício);Bancos, Financeiras e Administradoras de Cartão;Serviços Financeiros;Assunto;Cobrança / Contestação;Cobrança indevida / abusiva;Telefone;S;S;Finalizada não avaliada;Não Avaliada;
Nordeste;BA;Salvador;F;entre 21 a 30 anos;2026;4;13/04/2026;;;7;Operadora Ômega (fictícia);Operadoras de Telecomunicações (Telefonia, Internet, TV por assinatura);Outros;Assunto;Vício de Qualidade;Serviço não fornecido / interrompido;Internet;N;S;Finalizada avaliada - Resolvida;Resolvida;4
Sudeste;SP;São Paulo;F;entre 41 a 50 anos;2026;4;27/04/2026;;;4;Banco Alfa (fictício);Bancos, Financeiras e Administradoras de Cartão;Serviços Financeiros;Assunto;Cobrança / Contestação;Cobrança indevida / abusiva;Telefone;S;S;Finalizada avaliada - Resolvida;Resolvida;5
Nordeste;BA;Salvador;F;entre 41 a 50 anos;2026;3;08/03/2026;;;5;Loja Delta (fictícia);Comércio Eletrônico;Outros;Assunto;Vício de Qualidade;Produto danificado / com defeito;Telefone;S;S;Finalizada não avaliada;Não Avaliada;
Sul;RS;Porto Alegre;M;entre 21 a 30 anos;2026;3;02/03/2026;;;2;Fintech Beta (fictícia);Bancos, Financeiras e Administradoras de Cartão;Serviços Financeiros;Assunto;Cobrança / Contestação;Cobrança por serviço/produto não contratado / não reconhecido / não solicitado;Telefone;N;S;Finalizada avaliada - Resolvida;Resolvida;4
Nordeste;BA;Salvador;F;entre 31 a 40 anos;2026;1;16/01/2026;;;5;Fintech Beta (fictícia);Bancos, Financeiras e Administradoras de Cartão;Serviços Financeiros;Assunto;Atendimento / SAC;Dificuldade de contato / acesso a outros canais;Internet;N;S;Finalizada avaliada - Não Resolvida;Não Resolvida;1
Nordeste;BA;Salvador;F;entre 21 a 30 anos;2026;5;18/05/2026;;;1;Fintech Beta (fictícia);Bancos, Financeiras e Administradoras de Cartão;Serviços Financeiros;Assunto;Atendimento / SAC;Dificuldade de contato / acesso a outros canais;Telefone;N;S;Finalizada avaliada - Resolvida;Resolvida;5
Sudeste;RJ;Rio de Janeiro;F;entre 41 a 50 anos;2026;8;04/08/2026;;;6;Operadora Ômega (fictícia);Operadoras de Telecomunicações (Telefonia, Internet, TV por assinatura);Outros;Assunto;Vício de Qualidade;Serviço não fornecido / interrompido;Loja física;S;S;Finalizada avaliada - Resolvida;Resolvida;4
Sudeste;RJ;Rio de Janeiro;F;entre 31 a 40 anos;2026;8;10/08/2026;;;8;Banco Alfa (fictício);Bancos, Financeiras e Administradoras de Cartão;Serviços Financeiros;Assunto;Atendimento / SAC;Dificuldade de contato / acesso a outros canais;Telefone;S;S;Finalizada avaliada - Resolvida;Resolvida;5
Sudeste;MG;Belo Horizonte;F;entre 21 a 30 anos;2026;1;14/01/2026;;;;Telecom Gama (fictícia);Operadoras de Telecomunicações (Telefonia, Internet, TV por assinatura);Outros;Assunto;Contrato / Oferta;Dificuldade / atraso no cancelamento;Loja física;S;N;Finalizada não avaliada;Não Avaliada;
Sudeste;SP;São Paulo;M;entre 21 a 30 anos;2026;7;13/07/2026;;;5;Loja Delta (fictícia);Comércio Eletrônico;Outros;Assunto;Contrato / Oferta;Dificuldade / atraso na devolução de valores pagos;Telefone;S;S;Finalizada avaliada - Não Resolvida;Não Resolvida;1
Nordeste;BA;Salvador;M;entre 21 a 30 anos;2026;6;29/06/2026;;;6;Telecom Gama (fictícia);Operadoras de Telecomunicações (Telefonia, Internet, TV por assinatura);Outros;Assunto;Cobrança / Contestação;Cobrança indevida / abusiva;Telefone;S;S;Finalizada não avaliada;Não Avaliada;
Sudeste;MG;Belo Horizonte;M;entre 41 a 50 anos;2026;6;23/06/2026;;;10;Telecom Gama (fictícia);Operadoras de Telecomunicações (Telefonia, Internet, TV por assinatura);Outros;Assunto;Vício de Qualidade;Serviço não fornecido / interrompido;Loja física;S;S;Finalizada avaliada - Não Resolvida;Não Resolvida;1
Sudeste;MG;Belo Horizonte;M;entre 41 a 50 anos;2026;7;26/07/2026;;;9;Banco Alfa (fictício);Bancos, Financeiras e Administradoras de Cartão;Serviços Financeiros;Assunto;Contrato / Oferta;Dificuldade para cancelar o cartão;Loja física;N;S;Finalizada avaliada - Resolvida;Resolvida;5
Nordeste;BA;Salvador;M;entre 31 a 40 anos;2026;1;28/01/2026;;;6;Banco Alfa (fictício);Bancos, Financeiras e Administradoras de Cartão;Serviços Financeiros;Assunto;Atendimento / SAC;Dificuldade de contato / acesso a outros canais;Internet;N;S;Finalizada avaliada - Não Resolvida;Não Resolvida;3
Nordeste;BA;Salvador;M;entre 31 a 40 anos;2026;4;30/04/2026;;;7;Operadora Ômega (fictícia);Operadoras de Telecomunicações (Telefonia, Internet, TV por assinatura);Outros;Assunto;Contrato / Oferta;Dificuldade / atraso no cancelamento;Telefone;S;S;Finalizada não avaliada;Não Avaliada;
Sudeste;MG;Belo Horizonte;F;entre 21 a 30 anos;2026;6;21/06/2026;;;2;Loja Delta (fictícia);Comércio Eletrônico;Outros;Assunto;Contrato / Oferta;Dificuldade / atraso na devolução de valores pagos;Telefone;N;S;Finalizada avaliada - Não Resolvida;Não Resolvida;1
Sudeste;MG;Belo Horizonte;F;entre 41 a 50 anos;2026;1;03/01/2026;;;4;Fintech Beta (fictícia);Bancos, Financeiras e Administradoras de Cartão;Serviços Financeiros;Assunto;Contrato / Oferta;Dificuldade para cancelar o cartão;Loja física;N;S;Finalizada avaliada - Resolvida;Resolvida;4
Sudeste;SP;São Paulo;F;entre 41 a 50 anos;2026;3;17/03/2026;;;9;Telecom Gama (fictícia);Operadoras de Telecomunicações (Telefonia, Internet, TV por assinatura);Outros;Assunto;Cobrança / Contestação;Cobrança indevida / abusiva;Loja física;N;S;Finalizada avaliada - Resolvida;Resolvida;5
Sudeste;MG;Belo Horizonte;M;entre 41 a 50 anos;2026;3;26/03/2026;;;6;Telecom Gama (fictícia);Operadoras de Telecomunicações (Telefonia, Internet, TV por assinatura);Outros;Assunto;Contrato / Oferta;Dificuldade / atraso no cancelamento;Loja física;S;S;Finalizada avaliada - Não Resolvida;Não Resolvida;2
Sul;RS;Porto Alegre;F;entre 21 a 30 anos;2026;7;05/07/2026;;;6;Banco Alfa (fictício);Bancos, Financeiras e Administradoras de Cartão;Serviços Financeiros;Assunto;Atendimento / SAC;Dificuldade de contato / acesso a outros canais;Internet;N;S;Finalizada não avaliada;Não Avaliada;
Sul;RS;Porto Alegre;F;entre 21 a 30 anos;2026;1;04/01/2026;;;3;Fintech Beta (fictícia);Bancos, Financeiras e Administradoras de Cartão;Serviços Financeiros;Assunto;Cobrança / Contestação;Cobrança indevida / abusiva;Internet;N;S;Finalizada avaliada - Resolvida;Resolvida;4
Sul;RS;Porto Alegre;M;entre 31 a 40 anos;2026;2;17/02/2026;;;8;Telecom Gama (fictícia);Operadoras de Telecomunicações (Telefonia, Internet, TV por assinatura);Outros;Assunto;Vício de Qualidade;Serviço não fornecido / interrompido;Telefone;S;S;Finalizada avaliada - Não Resolvida;Não Resolvida;1
Sudeste;SP;São Paulo;M;entre 41 a 50 anos;2026;2;08/02/2026;;;6;Telecom Gama (fictícia);Operadoras de Telecomunicações (Telefonia, Internet, TV por assinatura);Outros;Assunto;Contrato / Oferta;Dificuldade / atraso no cancelamento;Telefone;S;S;Finalizada não avaliada;Não Avaliada;
Nordeste;BA;Salvador;F;entre 31 a 40 anos;2026;8;21/08/2026;;;3;Loja Delta (fictícia);Comércio Eletrônico;Outros;Assunto;Vício de Qualidade;Produto danificado / com defeito;Loja física;S;S;Finalizada não avaliada;Não Avaliada;
Sudeste;SP;São Paulo;M;entre 21 a 30 anos;2026;8;31/08/2026;;;7;Telecom Gama (fictícia);Operadoras de Telecomunicações (Telefonia, Internet, TV por assinatura);Outros;Assunto;Contrato / Oferta;Dificuldade / atraso no cancelamento;Telefone;N;S;Finalizada avaliada - Resolvida;Resolvida;4
Sul;RS;Porto Alegre;F;entre 21 a 30 anos;2026;1;09/01/2026;;;6;Operadora Ômega (fictícia);Operadoras de Telecomunicações (Telefonia, Internet, TV por assinatura);Outros;Assunto;Vício de Qualidade;Serviço não fornecido / interrompido;Loja física;S;S;Finalizada não avaliada;Não Avaliada;
Sudeste;MG;Belo Horizonte;M;entre 21 a 30 anos;2026;6;19/06/2026;;;5;Marketplace Épsilon (fictício);Comércio Eletrônico;Outros;Assunto;Contrato / Oferta;Dificuldade / atraso na devolução de valores pagos;Internet;S;S;Finalizada avaliada - Resolvida;Resolvida;5
Sudeste;MG;Belo Horizonte;F;entre 41 a 50 anos;2026;8;24/08/2026;;;5;Loja Delta (fictícia);Comércio Eletrônico;Outros;Assunto;Contrato / Oferta;Dificuldade / atraso na devolução de valores pagos;Loja física;N;S;Finalizada avaliada - Resolvida;Resolvida;5
Sudeste;SP;São Paulo;F;entre 41 a 50 anos;2026;8;16/08/2026;;;7;Telecom Gama (fictícia);Operadoras de Telecomunicações (Telefonia, Internet, TV por assinatura);Outros;Assunto;Contrato / Oferta;Dificuldade / atraso no cancelamento;Internet;S;S;Finalizada avaliada - Não Resolvida;Não Resolvida;1
Nordeste;BA;Salvador;F;entre 41 a 50 anos;2026;8;23/08/2026;;;9;Telecom Gama (fictícia);Operadoras de Telecomunicações (Telefonia, Internet, TV por assinatura);Outros;Assunto;Contrato / Oferta;Dificuldade / atraso no cancelamento;Telefone;S;S;Finalizada não avaliada;Não Avaliada;
Sul;RS;Porto Alegre;M;entre 31 a 40 anos;2026;3;24/03/2026;;;9;Telecom Gama (fictícia);Operadoras de Telecomunicações (Telefonia, Internet, TV por assinatura);Outros;Assunto;Vício de Qualidade;Serviço não fornecido / interrompido;Internet;N;S;Finalizada avaliada - Resolvida;Resolvida;5
Nordeste;BA;Salvador;F;entre 31 a 40 anos;2026;8;10/08/2026;;;2;Fintech Beta (fictícia);Bancos, Financeiras e Administradoras de Cartão;Serviços Financeiros;Assunto;Cobrança / Contestação;Cobrança por serviço/produto não contratado / não reconhecido / não solicitado;Internet;S;S;Finalizada não avaliada;Não Avaliada;
Nordeste;BA;Salvador;M;entre 21 a 30 anos;2026;6;10/06/2026;;;9;Telecom Gama (fictícia);Operadoras de Telecomunicações (Telefonia, Internet, TV por assinatura);Outros;Assunto;Contrato / Oferta;Dificuldade / atraso no cancelamento;Loja física;S;S;Finalizada avaliada - Resolvida;Resolvida;5
Sudeste;MG;Belo Horizonte;F;entre 21 a 30 anos;2026;1;04/01/2026;;;8;Operadora Ômega (fictícia);Operadoras de Telecomunicações (Telefonia, Internet, TV por assinatura);Outros;Assunto;Vício de Qualidade;Serviço não fornecido / interrompido;Loja física;S;S;Finalizada avaliada - Não Resolvida;Não Resolvida;1
Sul;RS;Porto Alegre;F;entre 21 a 30 anos;2026;5;11/05/2026;;;6;Telecom Gama (fictícia);Operadoras de Telecomunicações (Telefonia, Internet, TV por assinatura);Outros;Assunto;Contrato / Oferta;Dificuldade / atraso no cancelamento;Loja física;S;S;Finalizada avaliada - Resolvida;Resolvida;4
Nordeste;BA;Salvador;F;entre 41 a 50 anos;2026;3;29/03/2026;;;5;Loja Delta (fictícia);Comércio Eletrônico;Outros;Assunto;Vício de Qualidade;Produto danificado / com defeito;Loja física;N;S;Finalizada avaliada - Não Resolvida;Não Resolvida;2
Sudeste;MG;Belo Horizonte;M;entre 41 a 50 anos;2026;5;04/05/2026;;;2;Loja Delta (fictícia);Comércio Eletrônico;Outros;Assunto;Vício de Qualidade;Produto danificado / com defeito;Telefone;S;S;Finalizada avaliada - Resolvida;Resolvida;4
Sudeste;SP;São Paulo;F;entre 31 a 40 anos;2026;3;23/03/2026;;;3;Loja Delta (fictícia);Comércio Eletrônico;Outros;Assunto;Vício de Qualidade;Produto danificado / com defeito;Loja física;S;S;Finalizada não avaliada;Não Avaliada;
Sudeste;RJ;Rio de Janeiro;M;entre 41 a 50 anos;2026;5;09/05/2026;;;8;Telecom Gama (fictícia);Operadoras de Telecomunicações (Telefonia, Internet, TV por assinatura);Outros;Assunto;Cobrança / Contestação;Cobrança indevida / abusiva;Telefone;S;S;Finalizada não avaliada;Não Avaliada;
Sudeste;RJ;Rio de Janeiro;F;entre 41 a 50 anos;2026;1;20/01/2026;;;8;Operadora Ômega (fictícia);Operadoras de Telecomunicações (Telefonia, Internet, TV por assinatura);Outros;Assunto;Vício de Qualidade;Serviço não fornecido / interrompido;Loja física;N;S;Finalizada não avaliada;Não Avaliada;
Sudeste;MG;Belo Horizonte;M;entre 41 a 50 anos;2026;4;08/04/2026;;;4;Operadora Ômega (fictícia);Operadoras de Telecomunicações (Telefonia, Internet, TV por assinatura);Outros;Assunto;Vício de Qualidade;Serviço não fornecido / interrompido;Loja física;N;S;Finalizada avaliada - Resolvida;Resolvida;4
Sudeste;SP;São Paulo;M;entre 31 a 40 anos;2026;4;22/04/2026;;;;Marketplace Épsilon (fictício);Comércio Eletrônico;Outros;Assunto;Contrato / Oferta;Dificuldade / atraso na devolução de valores pagos;Internet;N;N;Finalizada não avaliada;Não Avaliada;
Sul;RS;Porto Alegre;F;entre 41 a 50 anos;2026;7;23/07/2026;;;2;Marketplace Épsilon (fictício);Comércio Eletrônico;Outros;Assunto;Entrega do Produto;Não entrega / demora na entrega do produto;Loja física;S;S;Finalizada avaliada - Resolvida;Resolvida;4
Sudeste;MG;Belo Horizonte;F;entre 31 a 40 anos;2026;8;11/08/2026;;;5;Banco Alfa (fictício);Bancos, Financeiras e Administradoras de Cartão;Serviços Financeiros;Assunto;Cobrança / Contestação;Cobrança por serviço/produto não contratado / não reconhecido / não solicitado;Loja física;S;S;Finalizada avaliada - Resolvida;Resolvida;5
Sul;RS;Porto Alegre;F;entre 41 a 50 anos;2026;6;23/06/2026;;;3;Marketplace Épsilon (fictício);Comércio Eletrônico;Outros;Assunto;Vício de Qualidade;Produto danificado / com defeito;Telefone;N;S;Finalizada avaliada - Não Resolvida;Não Resolvida;2
Nordeste;BA;Salvador;M;entre 41 a 50 anos;2026;8;07/08/2026;;;4;Loja Delta (fictícia);Comércio Eletrônico;Outros;Assunto;Entrega do Produto;Não entrega / demora na entrega do produto;Telefone;N;S;Finalizada avaliada - Não Resolvida;Não Resolvida;2
Sudeste;MG;Belo Horizonte;F;entre 21 a 30 anos;2026;7;10/07/2026;;;9;Banco Alfa (fictício);Bancos, Financeiras e Administradoras de Cartão;Serviços Financeiros;Assunto;Cobrança / Contestação;Cobrança por serviço/produto não contratado / não reconhecido / não solicitado;Loja física;N;S;Finalizada não avaliada;Não Avaliada;
Sudeste;MG;Belo Horizonte;M;entre 41 a 50 anos;2026;3;06/03/2026;;;2;Fintech Beta (fictícia);Bancos, Financeiras e Administradoras de Cartão;Serviços Financeiros;Assunto;Cobrança / Contestação;Cobrança indevida / abusiva;Loja física;S;S;Finalizada não avaliada;Não Avaliada;
Sudeste;SP;São Paulo;F;entre 21 a 30 anos;2026;5;29/05/2026;;;1;Fintech Beta (fictícia);Bancos, Financeiras e Administradoras de Cartão;Serviços Financeiros;Assunto;Atendimento / SAC;Dificuldade de contato / acesso a outros canais;Internet;S;S;Finalizada avaliada - Não Resolvida;Não Resolvida;2
Sudeste;MG;Belo Horizonte;F;entre 31 a 40 anos;2026;5;09/05/2026;;;5;Loja Delta (fictícia);Comércio Eletrônico;Outros;Assunto;Vício de Qualidade;Produto danificado / com defeito;Loja física;N;S;Finalizada não avaliada;Não Avaliada;
Sudeste;SP;São Paulo;F;entre 21 a 30 anos;2026;2;06/02/2026;;;3;Loja Delta (fictícia);Comércio Eletrônico;Outros;Assunto;Vício de Qualidade;Produto danificado / com defeito;Telefone;S;S;Finalizada avaliada - Resolvida;Resolvida;5
Nordeste;BA;Salvador;F;entre 21 a 30 anos;2026;4;05/04/2026;;;2;Fintech Beta (fictícia);Bancos, Financeiras e Administradoras de Cartão;Serviços Financeiros;Assunto;Cobrança / Contestação;Cobrança por serviço/produto não contratado / não reconhecido / não solicitado;Loja física;S;S;Finalizada não avaliada;Não Avaliada;
Sudeste;MG;Belo Horizonte;F;entre 41 a 50 anos;2026;3;25/03/2026;;;6;Telecom Gama (fictícia);Operadoras de Telecomunicações (Telefonia, Internet, TV por assinatura);Outros;Assunto;Contrato / Oferta;Dificuldade / atraso no cancelamento;Telefone;S;S;Finalizada avaliada - Resolvida;Resolvida;5
Sul;RS;Porto Alegre;M;entre 31 a 40 anos;2026;5;07/05/2026;;;6;Banco Alfa (fictício);Bancos, Financeiras e Administradoras de Cartão;Serviços Financeiros;Assunto;Cobrança / Contestação;Cobrança por serviço/produto não contratado / não reconhecido / não solicitado;Loja física;S;S;Finalizada avaliada - Resolvida;Resolvida;5
Nordeste;BA;Salvador;F;entre 21 a 30 anos;2026;8;29/08/2026;;;6;Loja Delta (fictícia);Comércio Eletrônico;Outros;Assunto;Contrato / Oferta;Dificuldade / atraso na devolução de valores pagos;Telefone;S;S;Finalizada avaliada - Resolvida;Resolvida;5
Sudeste;MG;Belo Horizonte;F;entre 21 a 30 anos;2026;8;19/08/2026;;;;Marketplace Épsilon (fictício);Comércio Eletrônico;Outros;Assunto;Vício de Qualidade;Produto danificado / com defeito;Telefone;N;N;Finalizada não avaliada;Não Avaliada;
Nordeste;BA;Salvador;M;entre 41 a 50 anos;2026;1;24/01/2026;;;4;Banco Alfa (fictício);Bancos, Financeiras e Administradoras de Cartão;Serviços Financeiros;Assunto;Cobrança / Contestação;Cobrança por serviço/produto não contratado / não reconhecido / não solicitado;Internet;S;S;Finalizada avaliada - Não Resolvida;Não Resolvida;1
Sudeste;RJ;Rio de Janeiro;F;entre 21 a 30 anos;2026;5;31/05/2026;;;2;Loja Delta (fictícia);Comércio Eletrônico;Outros;Assunto;Contrato / Oferta;Dificuldade / atraso na devolução de valores pagos;Loja física;S;S;Finalizada não avaliada;Não Avaliada;
Sudeste;RJ;Rio de Janeiro;F;entre 21 a 30 anos;2026;5;19/05/2026;;;4;Fintech Beta (fictícia);Bancos, Financeiras e Administradoras de Cartão;Serviços Financeiros;Assunto;Cobrança / Contestação;Cobrança indevida / abusiva;Internet;N;S;Finalizada avaliada - Resolvida;Resolvida;4
Sudeste;MG;Belo Horizonte;F;entre 41 a 50 anos;2026;1;30/01/2026;;;9;Banco Alfa (fictício);Bancos, Financeiras e Administradoras de Cartão;Serviços Financeiros;Assunto;Atendimento / SAC;Dificuldade de contato / acesso a outros canais;Internet;S;S;Finalizada avaliada - Não Resolvida;Não Resolvida;1
Sudeste;MG;Belo Horizonte;F;entre 41 a 50 anos;2026;3;19/03/2026;;;8;Operadora Ômega (fictícia);Operadoras de Telecomunicações (Telefonia, Internet, TV por assinatura);Outros;Assunto;Contrato / Oferta;Dificuldade / atraso no cancelamento;Telefone;S;S;Finalizada avaliada - Resolvida;Resolvida;4
Sudeste;MG;Belo Horizonte;F;entre 41 a 50 anos;2026;2;07/02/2026;;;5;Marketplace Épsilon (fictício);Comércio Eletrônico;Outros;Assunto;Vício de Qualidade;Produto danificado / com defeito;Loja física;N;S;Finalizada avaliada - Resolvida;Resolvida;5
Nordeste;BA;Salvador;M;entre 31 a 40 anos;2026;1;26/01/2026;;;10;Telecom Gama (fictícia);Operadoras de Telecomunicações (Telefonia, Internet, TV por assinatura);Outros;Assunto;Contrato / Oferta;Dificuldade / atraso no cancelamento;Telefone;S;S;Finalizada não avaliada;Não Avaliada;
Nordeste;BA;Salvador;F;entre 21 a 30 anos;2026;4;17/04/2026;;;11;Cartões Zeta (fictícia);Bancos, Financeiras e Administradoras de Cartão;Serviços Financeiros;Assunto;Atendimento / SAC;Dificuldade de contato / acesso a outros canais;Loja física;N;S;Finalizada avaliada - Resolvida;Resolvida;5
Sudeste;SP;São Paulo;M;entre 31 a 40 anos;2026;4;21/04/2026;;;6;Banco Alfa (fictício);Bancos, Financeiras e Administradoras de Cartão;Serviços Financeiros;Assunto;Cobrança / Contestação;Cobrança por serviço/produto não contratado / não reconhecido / não solicitado;Telefone;N;S;Finalizada avaliada - Resolvida;Resolvida;5
Sudeste;SP;São Paulo;M;entre 41 a 50 anos;2026;3;15/03/2026;;;1;Loja Delta (fictícia);Comércio Eletrônico;Outros;Assunto;Contrato / Oferta;Dificuldade / atraso na devolução de valores pagos;Telefone;S;S;Finalizada avaliada - Resolvida;Resolvida;4
Sudeste;MG;Belo Horizonte;F;entre 21 a 30 anos;2026;4;05/04/2026;;;4;Loja Delta (fictícia);Comércio Eletrônico;Outros;Assunto;Vício de Qualidade;Produto danificado / com defeito;Internet;N;S;Finalizada avaliada - Resolvida;Resolvida;4
Sul;RS;Porto Alegre;F;entre 21 a 30 anos;2026;3;31/03/2026;;;8;Operadora Ômega (fictícia);Operadoras de Telecomunicações (Telefonia, Internet, TV por assinatura);Outros;Assunto;Vício de Qualidade;Serviço não fornecido / interrompido;Internet;S;S;Finalizada não avaliada;Não Avaliada;
Nordeste;BA;Salvador;M;entre 21 a 30 anos;2026;4;18/04/2026;;;7;Banco Alfa (fictício);Bancos, Financeiras e Administradoras de Cartão;Serviços Financeiros;Assunto;Cobrança / Contestação;Cobrança indevida / abusiva;Internet;S;S;Finalizada avaliada - Não Resolvida;Não Resolvida;1
Nordeste;BA;Salvador;M;entre 31 a 40 anos;2026;6;19/06/2026;;;8;Operadora Ômega (fictícia);Operadoras de Telecomunicações (Telefonia, Internet, TV por assinatura);Outros;Assunto;Vício de Qualidade;Serviço não fornecido / interrompido;Telefone;S;S;Finalizada avaliada - Resolvida;Resolvida;4
Sudeste;MG;Belo Horizonte;M;entre 31 a 40 anos;2026;6;20/06/2026;;;4;Fintech Beta (fictícia);Bancos, Financeiras e Administradoras de Cartão;Serviços Financeiros;Assunto;Atendimento / SAC;Dificuldade de contato / acesso a outros canais;Telefone;N;S;Finalizada avaliada - Resolvida;Resolvida;4
Nordeste;BA;Salvador;M;entre 31 a 40 anos;2026;2;14/02/2026;;;12;Banco Alfa (fictício);Bancos, Financeiras e Administradoras de Cartão;Serviços Financeiros;Assunto;Atendimento / SAC;Dificuldade de contato / acesso a outros canais;Loja física;S;S;Finalizada avaliada - Resolvida;Resolvida;5
Sudeste;SP;São Paulo;M;entre 31 a 40 anos;2026;8;09/08/2026;;;6;Telecom Gama (fictícia);Operadoras de Telecomunicações (Telefonia, Internet, TV por assinatura);Outros;Assunto;Vício de Qualidade;Serviço não fornecido / interrompido;Internet;N;S;Finalizada avaliada - Resolvida;Resolvida;5
Sudeste;SP;São Paulo;F;entre 31 a 40 anos;2026;4;22/04/2026;;;5;Loja Delta (fictícia);Comércio Eletrônico;Outros;Assunto;Vício de Qualidade;Produto danificado / com defeito;Loja física;N;S;Finalizada avaliada - Resolvida;Resolvida;4
Sudeste;SP;São Paulo;F;entre 41 a 50 anos;2026;5;11/05/2026;;;2;Fintech Beta (fictícia);Bancos, Financeiras e Administradoras de Cartão;Serviços Financeiros;Assunto;Cobrança / Contestação;Cobrança indevida / abusiva;Loja física;S;S;Finalizada não avaliada;Não Avaliada;
Sul;RS;Porto Alegre;M;entre 41 a 50 anos;2026;2;20/02/2026;;;3;Fintech Beta (fictícia);Bancos, Financeiras e Administradoras de Cartão;Serviços Financeiros;Assunto;Cobrança / Contestação;Cobrança indevida / abusiva;Telefone;N;S;Finalizada avaliada - Resolvida;Resolvida;4
Nordeste;BA;Salvador;M;entre 31 a 40 anos;2026;6;24/06/2026;;;1;Loja Delta (fictícia);Comércio Eletrônico;Outros;Assunto;Contrato / Oferta;Dificuldade / atraso na devolução de valores pagos;Internet;N;S;Finalizada avaliada - Não Resolvida;Não Resolvida;2
Sul;RS;Porto Alegre;M;entre 21 a 30 anos;2026;6;01/06/2026;;;7;Telecom Gama (fictícia);Operadoras de Telecomunicações (Telefonia, Internet, TV por assinatura);Outros;Assunto;Vício de Qualidade;Serviço não fornecido / interrompido;Telefone;N;S;Finalizada avaliada - Resolvida;Resolvida;5
Sudeste;MG;Belo Horizonte;M;entre 31 a 40 anos;2026;6;02/06/2026;;;4;Banco Alfa (fictício);Bancos, Financeiras e Administradoras de Cartão;Serviços Financeiros;Assunto;Cobrança / Contestação;Cobrança por serviço/produto não contratado / não reconhecido / não solicitado;Loja física;S;S;Finalizada não avaliada;Não Avaliada;
Sudeste;MG;Belo Horizonte;M;entre 41 a 50 anos;2026;2;08/02/2026;;;4;Fintech Beta (fictícia);Bancos, Financeiras e Administradoras de Cartão;Serviços Financeiros;Assunto;Atendimento / SAC;Dificuldade de contato / acesso a outros canais;Loja física;S;S;Finalizada avaliada - Resolvida;Resolvida;5
Nordeste;BA;Salvador;M;entre 41 a 50 anos;2026;5;15/05/2026;;;7;Banco Alfa (fictício);Bancos, Financeiras e Administradoras de Cartão;Serviços Financeiros;Assunto;Atendimento / SAC;Dificuldade de contato / acesso a outros canais;Loja física;N;S;Finalizada avaliada - Resolvida;Resolvida;5
Sudeste;MG;Belo Horizonte;F;entre 21 a 30 anos;2026;6;23/06/2026;;;8;Banco Alfa (fictício);Bancos, Financeiras e Administradoras de Cartão;Serviços Financeiros;Assunto;Cobrança / Contestação;Cobrança por serviço/produto não contratado / não reconhecido / não solicitado;Loja física;S;S;Finalizada avaliada - Não Resolvida;Não Resolvida;1
Nordeste;BA;Salvador;M;entre 41 a 50 anos;2026;2;03/02/2026;;;7;Marketplace Épsilon (fictício);Comércio Eletrônico;Outros;Assunto;Vício de Qualidade;Produto danificado / com defeito;Loja física;N;S;Finalizada avaliada - Não Resolvida;Não Resolvida;1
Sul;RS;Porto Alegre;M;entre 21 a 30 anos;2026;3;21/03/2026;;;7;Telecom Gama (fictícia);Operadoras de Telecomunicações (Telefonia, Internet, TV por assinatura);Outros;Assunto;Cobrança / Contestação;Cobrança indevida / abusiva;Internet;S;S;Finalizada avaliada - Não Resolvida;Não Resolvida;3
Sudeste;MG;Belo Horizonte;F;entre 21 a 30 anos;2026;7;17/07/2026;;;6;Banco Alfa (fictício);Bancos, Financeiras e Administradoras de Cartão;Serviços Financeiros;Assunto;Cobrança / Contestação;Cobrança por serviço/produto não contratado / não reconhecido / não solicitado;Internet;S;S;Finalizada avaliada - Não Resolvida;Não Resolvida;1
Sudeste;RJ;Rio de Janeiro;F;entre 41 a 50 anos;2026;7;04/07/2026;;;2;Loja Delta (fictícia);Comércio Eletrônico;Outros;Assunto;Contrato / Oferta;Dificuldade / atraso na devolução de valores pagos;Telefone;N;S;Finalizada avaliada - Resolvida;Resolvida;4
Sul;RS;Porto Alegre;F;entre 31 a 40 anos;2026;7;27/07/2026;;;4;Fintech Beta (fictícia);Bancos, Financeiras e Administradoras de Cartão;Serviços Financeiros;Assunto;Cobrança / Contestação;Cobrança indevida / abusiva;Telefone;N;S;Finalizada avaliada - Resolvida;Resolvida;5
Sudeste;MG;Belo Horizonte;M;entre 41 a 50 anos;2026;2;05/02/2026;;;4;Marketplace Épsilon (fictício);Comércio Eletrônico;Outros;Assunto;Entrega do Produto;Não entrega / demora na entrega do produto;Loja física;S;S;Finalizada avaliada - Resolvida;Resolvida;5
Sul;RS;Porto Alegre;M;entre 31 a 40 anos;2026;4;26/04/2026;;;4;Fintech Beta (fictícia);Bancos, Financeiras e Administradoras de Cartão;Serviços Financeiros;Assunto;Cobrança / Contestação;Cobrança indevida / abusiva;Telefone;S;S;Finalizada não avaliada;Não Avaliada;
Sudeste;MG;Belo Horizonte;F;entre 21 a 30 anos;2026;4;06/04/2026;;;11;Cartões Zeta (fictícia);Bancos, Financeiras e Administradoras de Cartão;Serviços Financeiros;Assunto;Atendimento / SAC;Dificuldade de contato / acesso a outros canais;Internet;N;S;Finalizada não avaliada;Não Avaliada;
Sul;RS;Porto Alegre;F;entre 41 a 50 anos;2026;7;22/07/2026;;;9;Marketplace Épsilon (fictício);Comércio Eletrônico;Outros;Assunto;Contrato / Oferta;Dificuldade / atraso na devolução de valores pagos;Internet;S;S;Finalizada avaliada - Não Resolvida;Não Resolvida;3
Sudeste;RJ;Rio de Janeiro;M;entre 31 a 40 anos;2026;5;21/05/2026;;;7;Banco Alfa (fictício);Bancos, Financeiras e Administradoras de Cartão;Serviços Financeiros;Assunto;Cobrança / Contestação;Cobrança indevida / abusiva;Internet;S;S;Finalizada avaliada - Resolvida;Resolvida;5
Sudeste;SP;São Paulo;F;entre 31 a 40 anos;2026;1;29/01/2026;;;1;Fintech Beta (fictícia);Bancos, Financeiras e Administradoras de Cartão;Serviços Financeiros;Assunto;Atendimento / SAC;Dificuldade de contato / acesso a outros canais;Internet;N;S;Finalizada avaliada - Resolvida;Resolvida;4
Sudeste;RJ;Rio de Janeiro;F;entre 31 a 40 anos;2026;6;20/06/2026;;;3;Fintech Beta (fictícia);Bancos, Financeiras e Administradoras de Cartão;Serviços Financeiros;Assunto;Atendimento / SAC;Dificuldade de contato / acesso a outros canais;Internet;N;S;Finalizada avaliada - Resolvida;Resolvida;4
Sudeste;SP;São Paulo;M;entre 21 a 30 anos;2026;4;02/04/2026;;;3;Marketplace Épsilon (fictício);Comércio Eletrônico;Outros;Assunto;Vício de Qualidade;Produto danificado / com defeito;Telefone;N;S;Finalizada avaliada - Não Resolvida;Não Resolvida;2
Nordeste;BA;Salvador;M;entre 31 a 40 anos;2026;6;28/06/2026;;;7;Loja Delta (fictícia);Comércio Eletrônico;Outros;Assunto;Entrega do Produto;Não entrega / demora na entrega do produto;Internet;S;S;Finalizada avaliada - Resolvida;Resolvida;5
Sul;RS;Porto Alegre;F;entre 31 a 40 anos;2026;8;27/08/2026;;;1;Loja Delta (fictícia);Comércio Eletrônico;Outros;Assunto;Entrega do Produto;Não entrega / demora na entrega do produto;Internet;N;S;Finalizada avaliada - Resolvida;Resolvida;4
Nordeste;BA;Salvador;M;entre 31 a 40 anos;2026;8;16/08/2026;;;5;Fintech Beta (fictícia);Bancos, Financeiras e Administradoras de Cartão;Serviços Financeiros;Assunto;Contrato / Oferta;Dificuldade para cancelar o cartão;Loja física;N;S;Finalizada avaliada - Não Resolvida;Não Resolvida;2
Sudeste;SP;São Paulo;M;entre 31 a 40 anos;2026;7;06/07/2026;;;3;Cartões Zeta (fictícia);Bancos, Financeiras e Administradoras de Cartão;Serviços Financeiros;Assunto;Contrato / Oferta;Dificuldade para cancelar o cartão;Loja física;N;S;Finalizada avaliada - Resolvida;Resolvida;4
Sudeste;RJ;Rio de Janeiro;F;entre 31 a 40 anos;2026;6;26/06/2026;;;6;Fintech Beta (fictícia);Bancos, Financeiras e Administradoras de Cartão;Serviços Financeiros;Assunto;Atendimento / SAC;Dificuldade de contato / acesso a outros canais;Loja física;S;S;Finalizada avaliada - Resolvida;Resolvida;5
Sul;RS;Porto Alegre;M;entre 21 a 30 anos;2026;5;12/05/2026;;;4;Banco Alfa (fictício);Bancos, Financeiras e Administradoras de Cartão;Serviços Financeiros;Assunto;Atendimento / SAC;Dificuldade de contato / acesso a outros canais;Internet;S;S;Finalizada avaliada - Resolvida;Resolvida;5
Sul;RS;Porto Alegre;F;entre 31 a 40 anos;2026;4;09/04/2026;;;1;Loja Delta (fictícia);Comércio Eletrônico;Outros;Assunto;Vício de Qualidade;Produto danificado / com defeito;Telefone;S;S;Finalizada avaliada - Resolvida;Resolvida;5
Sul;RS;Porto Alegre;M;entre 31 a 40 anos;2026;4;12/04/2026;;;7;Telecom Gama (fictícia);Operadoras de Telecomunicações (Telefonia, Internet, TV por assinatura);Outros;Assunto;Contrato / Oferta;Dificuldade / atraso no cancelamento;Telefone;N;S;Finalizada avaliada - Resolvida;Resolvida;5
Nordeste;BA;Salvador;F;entre 21 a 30 anos;2026;2;21/02/2026;;;8;Fintech Beta (fictícia);Bancos, Financeiras e Administradoras de Cartão;Serviços Financeiros;Assunto;Contrato / Oferta;Dificuldade para cancelar o cartão;Loja física;N;S;Finalizada não avaliada;Não Avaliada;
Sul;RS;Porto Alegre;M;entre 41 a 50 anos;2026;6;20/06/2026;;;7;Marketplace Épsilon (fictício);Comércio Eletrônico;Outros;Assunto;Contrato / Oferta;Dificuldade / atraso na devolução de valores pagos;Loja física;S;S;Finalizada não avaliada;Não Avaliada;
Sudeste;RJ;Rio de Janeiro;M;entre 21 a 30 anos;2026;2;01/02/2026;;;;Loja Delta (fictícia);Comércio Eletrônico;Outros;Assunto;Contrato / Oferta;Dificuldade / atraso na devolução de valores pagos;Telefone;S;N;Finalizada não avaliada;Não Avaliada;
Nordeste;BA;Salvador;M;entre 41 a 50 anos;2026;7;25/07/2026;;;;Cartões Zeta (fictícia);Bancos, Financeiras e Administradoras de Cartão;Serviços Financeiros;Assunto;Contrato / Oferta;Dificuldade para cancelar o cartão;Internet;S;N;Finalizada não avaliada;Não Avaliada;
Sudeste;MG;Belo Horizonte;M;entre 21 a 30 anos;2026;4;16/04/2026;;;4;Fintech Beta (fictícia);Bancos, Financeiras e Administradoras de Cartão;Serviços Financeiros;Assunto;Atendimento / SAC;Dificuldade de contato / acesso a outros canais;Telefone;S;S;Finalizada não avaliada;Não Avaliada;
Sudeste;MG;Belo Horizonte;F;entre 41 a 50 anos;2026;3;30/03/2026;;;9;Telecom Gama (fictícia);Operadoras de Telecomunicações (Telefonia, Internet, TV por assinatura);Outros;Assunto;Contrato / Oferta;Dificuldade / atraso no cancelamento;Internet;S;S;Finalizada avaliada - Não Resolvida;Não Resolvida;1
Sudeste;RJ;Rio de Janeiro;F;entre 41 a 50 anos;2026;2;11/02/2026;;;6;Telecom Gama (fictícia);Operadoras de Telecomunicações (Telefonia, Internet, TV por assinatura);Outros;Assunto;Vício de Qualidade;Serviço não fornecido / interrompido;Telefone;S;S;Finalizada não avaliada;Não Avaliada;
Sudeste;RJ;Rio de Janeiro;M;entre 41 a 50 anos;2026;6;10/06/2026;;;1;Fintech Beta (fictícia);Bancos, Financeiras e Administradoras de Cartão;Serviços Financeiros;Assunto;Contrato / Oferta;Dificuldade para cancelar o cartão;Loja física;N;S;Finalizada avaliada - Não Resolvida;Não Resolvida;1
Sudeste;SP;São Paulo;M;entre 41 a 50 anos;2026;7;31/07/2026;;;4;Loja Delta (fictícia);Comércio Eletrônico;Outros;Assunto;Contrato / Oferta;Dificuldade / atraso na devolução de valores pagos;Telefone;S;S;Finalizada avaliada - Não Resolvida;Não Resolvida;2
Sudeste;MG;Belo Horizonte;F;entre 31 a 40 anos;2026;3;16/03/2026;;;8;Telecom Gama (fictícia);Operadoras de Telecomunicações (Telefonia, Internet, TV por assinatura);Outros;Assunto;Contrato / Oferta;Dificuldade / atraso no cancelamento;Telefone;S;S;Finalizada não avaliada;Não Avaliada;
Nordeste;BA;Salvador;F;entre 41 a 50 anos;2026;4;17/04/2026;;;8;Operadora Ômega (fictícia);Operadoras de Telecomunicações (Telefonia, Internet, TV por assinatura);Outros;Assunto;Cobrança / Contestação;Cobrança indevida / abusiva;Telefone;N;S;Finalizada avaliada - Resolvida;Resolvida;5
Sudeste;MG;Belo Horizonte;F;entre 31 a 40 anos;2026;5;24/05/2026;;;6;Banco Alfa (fictício);Bancos, Financeiras e Administradoras de Cartão;Serviços Financeiros;Assunto;Contrato / Oferta;Dificuldade para cancelar o cartão;Loja física;N;S;Finalizada avaliada - Resolvida;Resolvida;4
Sul;RS;Porto Alegre;F;entre 31 a 40 anos;2026;8;28/08/2026;;;4;Fintech Beta (fictícia);Bancos, Financeiras e Administradoras de Cartão;Serviços Financeiros;Assunto;Cobrança / Contestação;Cobrança indevida / abusiva;Telefone;N;S;Finalizada avaliada - Resolvida;Resolvida;5
Sudeste;MG;Belo Horizonte;F;entre 41 a 50 anos;2026;4;28/04/2026;;;6;Banco Alfa (fictício);Bancos, Financeiras e Administradoras de Cartão;Serviços Financeiros;Assunto;Atendimento / SAC;Dificuldade de contato / acesso a outros canais;Internet;S;S;Finalizada avaliada - Resolvida;Resolvida;5
Sul;RS;Porto Alegre;F;entre 41 a 50 anos;2026;7;15/07/2026;;;10;Telecom Gama (fictícia);Operadoras de Telecomunicações (Telefonia, Internet, TV por assinatura);Outros;Assunto;Vício de Qualidade;Serviço não fornecido / interrompido;Telefone;S;S;Finalizada avaliada - Resolvida;Resolvida;4
Sudeste;MG;Belo Horizonte;F;entre 41 a 50 anos;2026;3;13/03/2026;;;7;Cartões Zeta (fictícia);Bancos, Financeiras e Administradoras de Cartão;Serviços Financeiros;Assunto;Atendimento / SAC;Dificuldade de contato / acesso a outros canais;Telefone;S;S;Finalizada avaliada - Resolvida;Resolvida;5
Sudeste;MG;Belo Horizonte;F;entre 21 a 30 anos;2026;1;11/01/2026;;;1;Fintech Beta (fictícia);Bancos, Financeiras e Administradoras de Cartão;Serviços Financeiros;Assunto;Atendimento / SAC;Dificuldade de contato / acesso a outros canais;Loja física;S;S;Finalizada avaliada - Resolvida;Resolvida;5
Sudeste;RJ;Rio de Janeiro;F;entre 41 a 50 anos;2026;4;11/04/2026;;;;Fintech Beta (fictícia);Bancos, Financeiras e Administradoras de Cartão;Serviços Financeiros;Assunto;Contrato / Oferta;Dificuldade para cancelar o cartão;Telefone;N;N;Finalizada não avaliada;Não Avaliada;
Nordeste;BA;Salvador;F;entre 31 a 40 anos;2026;7;28/07/2026;;;7;Operadora Ômega (fictícia);Operadoras de Telecomunicações (Telefonia, Internet, TV por assinatura);Outros;Assunto;Vício de Qualidade;Serviço não fornecido / interrompido;Loja física;S;S;Finalizada avaliada - Resolvida;Resolvida;4
Nordeste;BA;Salvador;F;entre 21 a 30 anos;2026;2;13/02/2026;;;8;Operadora Ômega (fictícia);Operadoras de Telecomunicações (Telefonia, Internet, TV por assinatura);Outros;Assunto;Contrato / Oferta;Dificuldade / atraso no cancelamento;Loja física;S;S;Finalizada não avaliada;Não Avaliada;
Sudeste;RJ;Rio de Janeiro;M;entre 41 a 50 anos;2026;1;05/01/2026;;;4;Banco Alfa (fictício);Bancos, Financeiras e Administradoras de Cartão;Serviços Financeiros;Assunto;Cobrança / Contestação;Cobrança por serviço/produto não contratado / não reconhecido / não solicitado;Internet;S;S;Finalizada avaliada - Resolvida;Resolvida;5
Nordeste;BA;Salvador;F;entre 41 a 50 anos;2026;5;15/05/2026;;;9;Telecom Gama (fictícia);Operadoras de Telecomunicações (Telefonia, Internet, TV por assinatura);Outros;Assunto;Contrato / Oferta;Dificuldade / atraso no cancelamento;Telefone;N;S;Finalizada não avaliada;Não Avaliada;
Sul;RS;Porto Alegre;F;entre 41 a 50 anos;2026;6;06/06/2026;;;9;Operadora Ômega (fictícia);Operadoras de Telecomunicações (Telefonia, Internet, TV por assinatura);Outros;Assunto;Contrato / Oferta;Dificuldade / atraso no cancelamento;Internet;N;S;Finalizada avaliada - Não Resolvida;Não Resolvida;2
Sudeste;MG;Belo Horizonte;F;entre 21 a 30 anos;2026;8;28/08/2026;;;3;Fintech Beta (fictícia);Bancos, Financeiras e Administradoras de Cartão;Serviços Financeiros;Assunto;Contrato / Oferta;Dificuldade para cancelar o cartão;Loja física;N;S;Finalizada não avaliada;Não Avaliada;
Sul;RS;Porto Alegre;F;entre 31 a 40 anos;2026;7;17/07/2026;;;5;Marketplace Épsilon (fictício);Comércio Eletrônico;Outros;Assunto;Vício de Qualidade;Produto danificado / com defeito;Loja física;N;S;Finalizada não avaliada;Não Avaliada;
Sudeste;RJ;Rio de Janeiro;F;entre 21 a 30 anos;2026;7;31/07/2026;;;6;Loja Delta (fictícia);Comércio Eletrônico;Outros;Assunto;Entrega do Produto;Não entrega / demora na entrega do produto;Internet;S;S;Finalizada não avaliada;Não Avaliada;
Sudeste;RJ;Rio de Janeiro;F;entre 41 a 50 anos;2026;1;14/01/2026;;;2;Fintech Beta (fictícia);Bancos, Financeiras e Administradoras de Cartão;Serviços Financeiros;Assunto;Cobrança / Contestação;Cobrança indevida / abusiva;Telefone;N;S;Finalizada avaliada - Resolvida;Resolvida;4
Sul;RS;Porto Alegre;M;entre 41 a 50 anos;2026;3;15/03/2026;;;9;Operadora Ômega (fictícia);Operadoras de Telecomunicações (Telefonia, Internet, TV por assinatura);Outros;Assunto;Vício de Qualidade;Serviço não fornecido / interrompido;Loja física;S;S;Finalizada não avaliada;Não Avaliada;
Sudeste;SP;São Paulo;M;entre 31 a 40 anos;2026;8;22/08/2026;;;5;Telecom Gama (fictícia);Operadoras de Telecomunicações (Telefonia, Internet, TV por assinatura);Outros;Assunto;Contrato / Oferta;Dificuldade / atraso no cancelamento;Telefone;S;S;Finalizada não avaliada;Não Avaliada;
Sudeste;SP;São Paulo;F;entre 31 a 40 anos;2026;1;03/01/2026;;;7;Marketplace Épsilon (fictício);Comércio Eletrônico;Outros;Assunto;Vício de Qualidade;Produto danificado / com defeito;Loja física;N;S;Finalizada avaliada - Não Resolvida;Não Resolvida;2
Sudeste;MG;Belo Horizonte;F;entre 41 a 50 anos;2026;4;30/04/2026;;;6;Marketplace Épsilon (fictício);Comércio Eletrônico;Outros;Assunto;Entrega do Produto;Não entrega / demora na entrega do produto;Internet;S;S;Finalizada não avaliada;Não Avaliada;
Sudeste;MG;Belo Horizonte;F;entre 41 a 50 anos;2026;6;22/06/2026;;;2;Loja Delta (fictícia);Comércio Eletrônico;Outros;Assunto;Vício de Qualidade;Produto danificado / com defeito;Telefone;S;S;Finalizada avaliada - Não Resolvida;Não Resolvida;3
Sudeste;RJ;Rio de Janeiro;F;entre 31 a 40 anos;2026;2;05/02/2026;;;9;Cartões Zeta (fictícia);Bancos, Financeiras e Administradoras de Cartão;Serviços Financeiros;Assunto;Cobrança / Contestação;Cobrança por serviço/produto não contratado / não reconhecido / não solicitado;Loja física;S;S;Finalizada avaliada - Resolvida;Resolvida;5
Sudeste;RJ;Rio de Janeiro;M;entre 41 a 50 anos;2026;1;16/01/2026;;;3;Fintech Beta (fictícia);Bancos, Financeiras e Administradoras de Cartão;Serviços Financeiros;Assunto;Contrato / Oferta;Dificuldade para cancelar o cartão;Telefone;N;S;Finalizada avaliada - Resolvida;Resolvida;5
Sudeste;RJ;Rio de Janeiro;M;entre 21 a 30 anos;2026;5;03/05/2026;;;8;Telecom Gama (fictícia);Operadoras de Telecomunicações (Telefonia, Internet, TV por assinatura);Outros;Assunto;Cobrança / Contestação;Cobrança indevida / abusiva;Loja física;S;S;Finalizada avaliada - Resolvida;Resolvida;5
Sul;RS;Porto Alegre;M;entre 21 a 30 anos;2026;1;20/01/2026;;;5;Telecom Gama (fictícia);Operadoras de Telecomunicações (Telefonia, Internet, TV por assinatura);Outros;Assunto;Contrato / Oferta;Dificuldade / atraso no cancelamento;Telefone;N;S;Finalizada avaliada - Não Resolvida;Não Resolvida;1
Sudeste;MG;Belo Horizonte;M;entre 41 a 50 anos;2026;5;06/05/2026;;;2;Banco Alfa (fictício);Bancos, Financeiras e Administradoras de Cartão;Serviços Financeiros;Assunto;Cobrança / Contestação;Cobrança indevida / abusiva;Telefone;N;S;Finalizada avaliada - Resolvida;Resolvida;5
Sul;RS;Porto Alegre;F;entre 41 a 50 anos;2026;7;29/07/2026;;;7;Operadora Ômega (fictícia);Operadoras de Telecomunicações (Telefonia, Internet, TV por assinatura);Outros;Assunto;Vício de Qualidade;Serviço não fornecido / interrompido;Internet;S;S;Finalizada avaliada - Resolvida;Resolvida;5
Nordeste;BA;Salvador;F;entre 31 a 40 anos;2026;1;09/01/2026;;;5;Marketplace Épsilon (fictício);Comércio Eletrônico;Outros;Assunto;Entrega do Produto;Não entrega / demora na entrega do produto;Telefone;N;S;Finalizada avaliada - Não Resolvida;Não Resolvida;3
Sul;RS;Porto Alegre;M;entre 21 a 30 anos;2026;1;31/01/2026;;;10;Cartões Zeta (fictícia);Bancos, Financeiras e Administradoras de Cartão;Serviços Financeiros;Assunto;Cobrança / Contestação;Cobrança indevida / abusiva;Telefone;N;S;Finalizada avaliada - Não Resolvida;Não Resolvida;1
Nordeste;BA;Salvador;M;entre 41 a 50 anos;2026;5;17/05/2026;;;7;Operadora Ômega (fictícia);Operadoras de Telecomunicações (Telefonia, Internet, TV por assinatura);Outros;Assunto;Contrato / Oferta;Dificuldade / atraso no cancelamento;Telefone;S;S;Finalizada avaliada - Resolvida;Resolvida;4
Sudeste;SP;São Paulo;M;entre 41 a 50 anos;2026;6;02/06/2026;;;5;Fintech Beta (fictícia);Bancos, Financeiras e Administradoras de Cartão;Serviços Financeiros;Assunto;Cobrança / Contestação;Cobrança por serviço/produto não contratado / não reconhecido / não solicitado;Internet;N;S;Finalizada avaliada - Resolvida;Resolvida;4
Sudeste;RJ;Rio de Janeiro;F;entre 21 a 30 anos;2026;7;13/07/2026;;;10;Telecom Gama (fictícia);Operadoras de Telecomunicações (Telefonia, Internet, TV por assinatura);Outros;Assunto;Contrato / Oferta;Dificuldade / atraso no cancelamento;Telefone;S;S;Finalizada avaliada - Não Resolvida;Não Resolvida;2
Sudeste;RJ;Rio de Janeiro;F;entre 41 a 50 anos;2026;4;16/04/2026;;;6;Marketplace Épsilon (fictício);Comércio Eletrônico;Outros;Assunto;Contrato / Oferta;Dificuldade / atraso na devolução de valores pagos;Telefone;S;S;Finalizada avaliada - Não Resolvida;Não Resolvida;1
Nordeste;BA;Salvador;M;entre 21 a 30 anos;2026;7;21/07/2026;;;4;Marketplace Épsilon (fictício);Comércio Eletrônico;Outros;Assunto;Contrato / Oferta;Dificuldade / atraso na devolução de valores pagos;Telefone;S;S;Finalizada avaliada - Resolvida;Resolvida;5
Sudeste;MG;Belo Horizonte;F;entre 21 a 30 anos;2026;4;16/04/2026;;;2;Loja Delta (fictícia);Comércio Eletrônico;Outros;Assunto;Entrega do Produto;Não entrega / demora na entrega do produto;Telefone;S;S;Finalizada avaliada - Resolvida;Resolvida;4
Sudeste;SP;São Paulo;M;entre 41 a 50 anos;2026;5;18/05/2026;;;6;Marketplace Épsilon (fictício);Comércio Eletrônico;Outros;Assunto;Vício de Qualidade;Produto danificado / com defeito;Loja física;S;S;Finalizada avaliada - Resolvida;Resolvida;4
Sul;RS;Porto Alegre;M;entre 41 a 50 anos;2026;8;21/08/2026;;;9;Telecom Gama (fictícia);Operadoras de Telecomunicações (Telefonia, Internet, TV por assinatura);Outros;Assunto;Vício de Qualidade;Serviço não fornecido / interrompido;Telefone;S;S;Finalizada não avaliada;Não Avaliada;
Sudeste;RJ;Rio de Janeiro;F;entre 31 a 40 anos;2026;4;12/04/2026;;;4;Operadora Ômega (fictícia);Operadoras de Telecomunicações (Telefonia, Internet, TV por assinatura);Outros;Assunto;Contrato / Oferta;Dificuldade / atraso no cancelamento;Telefone;N;S;Finalizada avaliada - Resolvida;Resolvida;5
Nordeste;BA;Salvador;F;entre 31 a 40 anos;2026;7;14/07/2026;;;7;Telecom Gama (fictícia);Operadoras de Telecomunicações (Telefonia, Internet, TV por assinatura);Outros;Assunto;Contrato / Oferta;Dificuldade / atraso no cancelamento;Telefone;S;S;Finalizada não avaliada;Não Avaliada;
Sudeste;RJ;Rio de Janeiro;M;entre 31 a 40 anos;2026;1;05/01/2026;;;10;Telecom Gama (fictícia);Operadoras de Telecomunicações (Telefonia, Internet, TV por assinatura);Outros;Assunto;Cobrança / Contestação;Cobrança indevida / abusiva;Loja física;S;S;Finalizada avaliada - Resolvida;Resolvida;5
Sul;RS;Porto Alegre;F;entre 21 a 30 anos;2026;3;07/03/2026;;;7;Telecom Gama (fictícia);Operadoras de Telecomunicações (Telefonia, Internet, TV por assinatura);Outros;Assunto;Contrato / Oferta;Dificuldade / atraso no cancelamento;Loja física;N;S;Finalizada avaliada - Não Resolvida;Não Resolvida;3
Sudeste;RJ;Rio de Janeiro;M;entre 21 a 30 anos;2026;8;23/08/2026;;;11;Banco Alfa (fictício);Bancos, Financeiras e Administradoras de Cartão;Serviços Financeiros;Assunto;Atendimento / SAC;Dificuldade de contato / acesso a outros canais;Telefone;S;S;Finalizada avaliada - Não Resolvida;Não Resolvida;1
Sudeste;SP;São Paulo;F;entre 41 a 50 anos;2026;7;01/07/2026;;;4;Loja Delta (fictícia);Comércio Eletrônico;Outros;Assunto;Entrega do Produto;Não entrega / demora na entrega do produto;Telefone;S;S;Finalizada avaliada - Resolvida;Resolvida;4
Sudeste;SP;São Paulo;M;entre 21 a 30 anos;2026;1;05/01/2026;;;5;Banco Alfa (fictício);Bancos, Financeiras e Administradoras de Cartão;Serviços Financeiros;Assunto;Atendimento / SAC;Dificuldade de contato / acesso a outros canais;Internet;S;S;Finalizada avaliada - Não Resolvida;Não Resolvida;3
Sul;RS;Porto Alegre;M;entre 41 a 50 anos;2026;3;10/03/2026;;;8;Fintech Beta (fictícia);Bancos, Financeiras e Administradoras de Cartão;Serviços Financeiros;Assunto;Contrato / Oferta;Dificuldade para cancelar o cartão;Internet;N;S;Finalizada avaliada - Não Resolvida;Não Resolvida;3
Sudeste;SP;São Paulo;F;entre 31 a 40 anos;2026;1;24/01/2026;;;5;Operadora Ômega (fictícia);Operadoras de Telecomunicações (Telefonia, Internet, TV por assinatura);Outros;Assunto;Cobrança / Contestação;Cobrança indevida / abusiva;Loja física;N;S;Finalizada avaliada - Não Resolvida;Não Resolvida;1
Sudeste;MG;Belo Horizonte;F;entre 21 a 30 anos;2026;8;24/08/2026;;;10;Telecom Gama (fictícia);Operadoras de Telecomunicações (Telefonia, Internet, TV por assinatura);Outros;Assunto;Cobrança / Contestação;Cobrança indevida / abusiva;Internet;N;S;Finalizada avaliada - Não Resolvida;Não Resolvida;3
Sudeste;SP;São Paulo;M;entre 31 a 40 anos;2026;2;15/02/2026;;;3;Marketplace Épsilon (fictício);Comércio Eletrônico;Outros;Assunto;Contrato / Oferta;Dificuldade / atraso na devolução de valores pagos;Internet;S;S;Finalizada avaliada - Não Resolvida;Não Resolvida;3
Sudeste;MG;Belo Horizonte;M;entre 41 a 50 anos;2026;3;26/03/2026;;;13;Telecom Gama (fictícia);Operadoras de Telecomunicações (Telefonia, Internet, TV por assinatura);Outros;Assunto;Vício de Qualidade;Serviço não fornecido / interrompido;Loja física;N;S;Finalizada não avaliada;Não Avaliada;
Sudeste;RJ;Rio de Janeiro;M;entre 41 a 50 anos;2026;8;03/08/2026;;;4;Banco Alfa (fictício);Bancos, Financeiras e Administradoras de Cartão;Serviços Financeiros;Assunto;Atendimento / SAC;Dificuldade de contato / acesso a outros canais;Telefone;N;S;Finalizada avaliada - Não Resolvida;Não Resolvida;2
Sudeste;MG;Belo Horizonte;M;entre 41 a 50 anos;2026;8;29/08/2026;;;6;Telecom Gama (fictícia);Operadoras de Telecomunicações (Telefonia, Internet, TV por assinatura);Outros;Assunto;Vício de Qualidade;Serviço não fornecido / interrompido;Telefone;S;S;Finalizada avaliada - Não Resolvida;Não Resolvida;3
Sul;RS;Porto Alegre;M;entre 31 a 40 anos;2026;2;09/02/2026;;;7;Operadora Ômega (fictícia);Operadoras de Telecomunicações (Telefonia, Internet, TV por assinatura);Outros;Assunto;Cobrança / Contestação;Cobrança indevida / abusiva;Telefone;N;S;Finalizada avaliada - Resolvida;Resolvida;4
Sudeste;RJ;Rio de Janeiro;M;entre 21 a 30 anos;2026;1;23/01/2026;;;3;Loja Delta (fictícia);Comércio Eletrônico;Outros;Assunto;Entrega do Produto;Não entrega / demora na entrega do produto;Internet;N;S;Finalizada avaliada - Resolvida;Resolvida;5
Sudeste;MG;Belo Horizonte;M;entre 41 a 50 anos;2026;7;20/07/2026;;;7;Telecom Gama (fictícia);Operadoras de Telecomunicações (Telefonia, Internet, TV por assinatura);Outros;Assunto;Contrato / Oferta;Dificuldade / atraso no cancelamento;Telefone;S;S;Finalizada avaliada - Resolvida;Resolvida;4
Sul;RS;Porto Alegre;F;entre 21 a 30 anos;2026;5;07/05/2026;;;7;Banco Alfa (fictício);Bancos, Financeiras e Administradoras de Cartão;Serviços Financeiros;Assunto;Contrato / Oferta;Dificuldade para cancelar o cartão;Telefone;N;S;Finalizada avaliada - Resolvida;Resolvida;5
Nordeste;BA;Salvador;F;entre 31 a 40 anos;2026;6;02/06/2026;;;4;Marketplace Épsilon (fictício);Comércio Eletrônico;Outros;Assunto;Contrato / Oferta;Dificuldade / atraso na devolução de valores pagos;Telefone;N;S;Finalizada avaliada - Resolvida;Resolvida;5
Sudeste;MG;Belo Horizonte;F;entre 21 a 30 anos;2026;2;04/02/2026;;;4;Loja Delta (fictícia);Comércio Eletrônico;Outros;Assunto;Contrato / Oferta;Dificuldade / atraso na devolução de valores pagos;Telefone;N;S;Finalizada avaliada - Resolvida;Resolvida;5
Sudeste;MG;Belo Horizonte;M;entre 41 a 50 anos;2026;7;20/07/2026;;;1;Fintech Beta (fictícia);Bancos, Financeiras e Administradoras de Cartão;Serviços Financeiros;Assunto;Atendimento / SAC;Dificuldade de contato / acesso a outros canais;Loja física;S;S;Finalizada avaliada - Resolvida;Resolvida;4
Sudeste;RJ;Rio de Janeiro;M;entre 31 a 40 anos;2026;4;23/04/2026;;;8;Marketplace Épsilon (fictício);Comércio Eletrônico;Outros;Assunto;Vício de Qualidade;Produto danificado / com defeito;Loja física;N;S;Finalizada não avaliada;Não Avaliada;
Sudeste;RJ;Rio de Janeiro;F;entre 41 a 50 anos;2026;3;06/03/2026;;;5;Banco Alfa (fictício);Bancos, Financeiras e Administradoras de Cartão;Serviços Financeiros;Assunto;Contrato / Oferta;Dificuldade para cancelar o cartão;Loja física;N;S;Finalizada avaliada - Não Resolvida;Não Resolvida;3
Sudeste;MG;Belo Horizonte;M;entre 41 a 50 anos;2026;6;02/06/2026;;;5;Telecom Gama (fictícia);Operadoras de Telecomunicações (Telefonia, Internet, TV por assinatura);Outros;Assunto;Vício de Qualidade;Serviço não fornecido / interrompido;Loja física;S;S;Finalizada avaliada - Não Resolvida;Não Resolvida;2
Nordeste;BA;Salvador;F;entre 31 a 40 anos;2026;7;12/07/2026;;;8;Telecom Gama (fictícia);Operadoras de Telecomunicações (Telefonia, Internet, TV por assinatura);Outros;Assunto;Contrato / Oferta;Dificuldade / atraso no cancelamento;Telefone;N;S;Finalizada avaliada - Resolvida;Resolvida;4
Sudeste;MG;Belo Horizonte;M;entre 21 a 30 anos;2026;2;08/02/2026;;;3;Loja Delta (fictícia);Comércio Eletrônico;Outros;Assunto;Contrato / Oferta;Dificuldade / atraso na devolução de valores pagos;Loja física;S;S;Finalizada avaliada - Resolvida;Resolvida;5
Nordeste;BA;Salvador;M;entre 31 a 40 anos;2026;7;20/07/2026;;;7;Cartões Zeta (fictícia);Bancos, Financeiras e Administradoras de Cartão;Serviços Financeiros;Assunto;Contrato / Oferta;Dificuldade para cancelar o cartão;Internet;S;S;Finalizada avaliada - Não Resolvida;Não Resolvida;2
Sudeste;SP;São Paulo;M;entre 41 a 50 anos;2026;6;23/06/2026;;;6;Banco Alfa (fictício);Bancos, Financeiras e Administradoras de Cartão;Serviços Financeiros;Assunto;Contrato / Oferta;Dificuldade para cancelar o cartão;Internet;S;S;Finalizada não avaliada;Não Avaliada;
Nordeste;BA;Salvador;F;entre 41 a 50 anos;2026;3;01/03/2026;;;2;Fintech Beta (fictícia);Bancos, Financeiras e Administradoras de Cartão;Serviços Financeiros;Assunto;Atendimento / SAC;Dificuldade de contato / acesso a outros canais;Telefone;N;S;Finalizada avaliada - Resolvida;Resolvida;4
Sudeste;RJ;Rio de Janeiro;M;entre 41 a 50 anos;2026;3;13/03/2026;;;5;Banco Alfa (fictício);Bancos, Financeiras e Administradoras de Cartão;Serviços Financeiros;Assunto;Cobrança / Contestação;Cobrança indevida / abusiva;Internet;S;S;Finalizada não avaliada;Não Avaliada;
Nordeste;BA;Salvador;M;entre 31 a 40 anos;2026;1;30/01/2026;;;11;Cartões Zeta (fictícia);Bancos, Financeiras e Administradoras de Cartão;Serviços Financeiros;Assunto;Cobrança / Contestação;Cobrança indevida / abusiva;Telefone;N;S;Finalizada avaliada - Não Resolvida;Não Resolvida;3
Sul;RS;Porto Alegre;M;entre 31 a 40 anos;2026;8;24/08/2026;;;5;Operadora Ômega (fictícia);Operadoras de Telecomunicações (Telefonia, Internet, TV por assinatura);Outros;Assunto;Contrato / Oferta;Dificuldade / atraso no cancelamento;Internet;S;S;Finalizada avaliada - Resolvida;Resolvida;4
Sudeste;MG;Belo Horizonte;M;entre 31 a 40 anos;2026;4;10/04/2026;;;10;Cartões Zeta (fictícia);Bancos, Financeiras e Administradoras de Cartão;Serviços Financeiros;Assunto;Cobrança / Contestação;Cobrança indevida / abusiva;Telefone;S;S;Finalizada avaliada - Não Resolvida;Não Resolvida;1
Sudeste;MG;Belo Horizonte;F;entre 21 a 30 anos;2026;1;14/01/2026;;;7;Banco Alfa (fictício);Bancos, Financeiras e Administradoras de Cartão;Serviços Financeiros;Assunto;Atendimento / SAC;Dificuldade de contato / acesso a outros canais;Internet;N;S;Finalizada não avaliada;Não Avaliada;
Nordeste;BA;Salvador;M;entre 31 a 40 anos;2026;4;15/04/2026;;;2;Marketplace Épsilon (fictício);Comércio Eletrônico;Outros;Assunto;Contrato / Oferta;Dificuldade / atraso na devolução de valores pagos;Internet;N;S;Finalizada avaliada - Resolvida;Resolvida;4
Sudeste;RJ;Rio de Janeiro;F;entre 41 a 50 anos;2026;7;19/07/2026;;;5;Fintech Beta (fictícia);Bancos, Financeiras e Administradoras de Cartão;Serviços Financeiros;Assunto;Contrato / Oferta;Dificuldade para cancelar o cartão;Loja física;S;S;Finalizada não avaliada;Não Avaliada;
Sudeste;MG;Belo Horizonte;M;entre 41 a 50 anos;2026;7;30/07/2026;;;;Telecom Gama (fictícia);Operadoras de Telecomunicações (Telefonia, Internet, TV por assinatura);Outros;Assunto;Vício de Qualidade;Serviço não fornecido / interrompido;Telefone;S;N;Finalizada não avaliada;Não Avaliada;
Sudeste;RJ;Rio de Janeiro;M;entre 31 a 40 anos;2026;3;18/03/2026;;;7;Marketplace Épsilon (fictício);Comércio Eletrônico;Outros;Assunto;Entrega do Produto;Não entrega / demora na entrega do produto;Internet;S;S;Finalizada não avaliada;Não Avaliada;
Sudeste;MG;Belo Horizonte;M;entre 41 a 50 anos;2026;6;11/06/2026;;;3;Fintech Beta (fictícia);Bancos, Financeiras e Administradoras de Cartão;Serviços Financeiros;Assunto;Contrato / Oferta;Dificuldade para cancelar o cartão;Telefone;N;S;Finalizada avaliada - Resolvida;Resolvida;4
Sul;RS;Porto Alegre;M;entre 31 a 40 anos;2026;6;30/06/2026;;;4;Telecom Gama (fictícia);Operadoras de Telecomunicações (Telefonia, Internet, TV por assinatura);Outros;Assunto;Cobrança / Contestação;Cobrança indevida / abusiva;Internet;N;S;Finalizada avaliada - Não Resolvida;Não Resolvida;1
Sudeste;RJ;Rio de Janeiro;F;entre 21 a 30 anos;2026;3;05/03/2026;;;2;Loja Delta (fictícia);Comércio Eletrônico;Outros;Assunto;Entrega do Produto;Não entrega / demora na entrega do produto;Loja física;N;S;Finalizada avaliada - Resolvida;Resolvida;5
Nordeste;BA;Salvador;F;entre 31 a 40 anos;2026;1;20/01/2026;;;8;Operadora Ômega (fictícia);Operadoras de Telecomunicações (Telefonia, Internet, TV por assinatura);Outros;Assunto;Vício de Qualidade;Serviço não fornecido / interrompido;Telefone;S;S;Finalizada avaliada - Resolvida;Resolvida;5
Sudeste;SP;São Paulo;F;entre 21 a 30 anos;2026;7;07/07/2026;;;;Loja Delta (fictícia);Comércio Eletrônico;Outros;Assunto;Contrato / Oferta;Dificuldade / atraso na devolução de valores pagos;Loja física;N;N;Finalizada não avaliada;Não Avaliada;
Sudeste;RJ;Rio de Janeiro;F;entre 41 a 50 anos;2026;5;07/05/2026;;;2;Fintech Beta (fictícia);Bancos, Financeiras e Administradoras de Cartão;Serviços Financeiros;Assunto;Atendimento / SAC;Dificuldade de contato / acesso a outros canais;Loja física;S;S;Finalizada não avaliada;Não Avaliada;
Sul;RS;Porto Alegre;F;entre 21 a 30 anos;2026;8;17/08/2026;;;9;Telecom Gama (fictícia);Operadoras de Telecomunicações (Telefonia, Internet, TV por assinatura);Outros;Assunto;Vício de Qualidade;Serviço não fornecido / interrompido;Internet;S;S;Finalizada não avaliada;Não Avaliada;
Nordeste;BA;Salvador;M;entre 41 a 50 anos;2026;2;21/02/2026;;;;Telecom Gama (fictícia);Operadoras de Telecomunicações (Telefonia, Internet, TV por assinatura);Outros;Assunto;Cobrança / Contestação;Cobrança indevida / abusiva;Telefone;S;N;Finalizada não avaliada;Não Avaliada;
Sudeste;SP;São Paulo;M;entre 31 a 40 anos;2026;6;17/06/2026;;;4;Loja Delta (fictícia);Comércio Eletrônico;Outros;Assunto;Vício de Qualidade;Produto danificado / com defeito;Loja física;N;S;Finalizada avaliada - Resolvida;Resolvida;4
Nordeste;BA;Salvador;M;entre 21 a 30 anos;2026;6;17/06/2026;;;8;Operadora Ômega (fictícia);Operadoras de Telecomunicações (Telefonia, Internet, TV por assinatura);Outros;Assunto;Cobrança / Contestação;Cobrança indevida / abusiva;Loja física;N;S;Finalizada avaliada - Resolvida;Resolvida;5
Sudeste;RJ;Rio de Janeiro;M;entre 31 a 40 anos;2026;5;03/05/2026;;;5;Loja Delta (fictícia);Comércio Eletrônico;Outros;Assunto;Vício de Qualidade;Produto danificado / com defeito;Telefone;N;S;Finalizada avaliada - Resolvida;Resolvida;4
Sudeste;RJ;Rio de Janeiro;F;entre 41 a 50 anos;2026;1;18/01/2026;;;9;Banco Alfa (fictício);Bancos, Financeiras e Administradoras de Cartão;Serviços Financeiros;Assunto;Cobrança / Contestação;Cobrança indevida / abusiva;Loja física;N;S;Finalizada avaliada - Não Resolvida;Não Resolvida;1
Sudeste;SP;São Paulo;F;entre 21 a 30 anos;2026;2;05/02/2026;;;4;Loja Delta (fictícia);Comércio Eletrônico;Outros;Assunto;Entrega do Produto;Não entrega / demora na entrega do produto;Internet;N;S;Finalizada avaliada - Resolvida;Resolvida;5
Sudeste;MG;Belo Horizonte;M;entre 41 a 50 anos;2026;6;03/06/2026;;;4;Operadora Ômega (fictícia);Operadoras de Telecomunicações (Telefonia, Internet, TV por assinatura);Outros;Assunto;Cobrança / Contestação;Cobrança indevida / abusiva;Loja física;S;S;Finalizada avaliada - Não Resolvida;Não Resolvida;2
Sudeste;SP;São Paulo;F;entre 31 a 40 anos;2026;7;20/07/2026;;;2;Loja Delta (fictícia);Comércio Eletrônico;Outros;Assunto;Vício de Qualidade;Produto danificado / com defeito;Internet;S;S;Finalizada não avaliada;Não Avaliada;
Sudeste;SP;São Paulo;F;entre 41 a 50 anos;2026;5;16/05/2026;;;10;Telecom Gama (fictícia);Operadoras de Telecomunicações (Telefonia, Internet, TV por assinatura);Outros;Assunto;Contrato / Oferta;Dificuldade / atraso no cancelamento;Loja física;S;S;Finalizada avaliada - Resolvida;Resolvida;5
Sudeste;SP;São Paulo;F;entre 41 a 50 anos;2026;5;31/05/2026;;;4;Loja Delta (fictícia);Comércio Eletrônico;Outros;Assunto;Entrega do Produto;Não entrega / demora na entrega do produto;Telefone;N;S;Finalizada avaliada - Resolvida;Resolvida;4
Sudeste;SP;São Paulo;M;entre 41 a 50 anos;2026;6;13/06/2026;;;7;Telecom Gama (fictícia);Operadoras de Telecomunicações (Telefonia, Internet, TV por assinatura);Outros;Assunto;Vício de Qualidade;Serviço não fornecido / interrompido;Telefone;N;S;Finalizada avaliada - Resolvida;Resolvida;4
Sudeste;SP;São Paulo;M;entre 21 a 30 anos;2026;3;21/03/2026;;;7;Telecom Gama (fictícia);Operadoras de Telecomunicações (Telefonia, Internet, TV por assinatura);Outros;Assunto;Contrato / Oferta;Dificuldade / atraso no cancelamento;Internet;S;S;Finalizada não avaliada;Não Avaliada;
Nordeste;BA;Salvador;M;entre 21 a 30 anos;2026;6;06/06/2026;;;4;Marketplace Épsilon (fictício);Comércio Eletrônico;Outros;Assunto;Entrega do Produto;Não entrega / demora na entrega do produto;Loja física;S;S;Finalizada não avaliada;Não Avaliada;
Nordeste;BA;Salvador;F;entre 21 a 30 anos;2026;3;30/03/2026;;;10;Operadora Ômega (fictícia);Operadoras de Telecomunicações (Telefonia, Internet, TV por assinatura);Outros;Assunto;Cobrança / Contestação;Cobrança indevida / abusiva;Telefone;S;S;Finalizada não avaliada;Não Avaliada;
Sudeste;SP;São Paulo;F;entre 31 a 40 anos;2026;7;17/07/2026;;;3;Loja Delta (fictícia);Comércio Eletrônico;Outros;Assunto;Vício de Qualidade;Produto danificado / com defeito;Loja física;N;S;Finalizada avaliada - Resolvida;Resolvida;4
Sul;RS;Porto Alegre;M;entre 41 a 50 anos;2026;2;10/02/2026;;;8;Banco Alfa (fictício);Bancos, Financeiras e Administradoras de Cartão;Serviços Financeiros;Assunto;Cobrança / Contestação;Cobrança indevida / abusiva;Loja física;S;S;Finalizada avaliada - Resolvida;Resolvida;4
Sudeste;RJ;Rio de Janeiro;M;entre 41 a 50 anos;2026;1;12/01/2026;;;5;Banco Alfa (fictício);Bancos, Financeiras e Administradoras de Cartão;Serviços Financeiros;Assunto;Cobrança / Contestação;Cobrança por serviço/produto não contratado / não reconhecido / não solicitado;Loja física;N;S;Finalizada não avaliada;Não Avaliada;
Nordeste;BA;Salvador;M;entre 41 a 50 anos;2026;8;23/08/2026;;;4;Fintech Beta (fictícia);Bancos, Financeiras e Administradoras de Cartão;Serviços Financeiros;Assunto;Cobrança / Contestação;Cobrança indevida / abusiva;Loja física;S;S;Finalizada avaliada - Resolvida;Resolvida;5
Nordeste;BA;Salvador;M;entre 31 a 40 anos;2026;1;18/01/2026;;;8;Banco Alfa (fictício);Bancos, Financeiras e Administradoras de Cartão;Serviços Financeiros;Assunto;Cobrança / Contestação;Cobrança por serviço/produto não contratado / não reconhecido / não solicitado;Internet;N;S;Finalizada avaliada - Resolvida;Resolvida;5
Sudeste;MG;Belo Horizonte;M;entre 21 a 30 anos;2026;3;04/03/2026;;;5;Telecom Gama (fictícia);Operadoras de Telecomunicações (Telefonia, Internet, TV por assinatura);Outros;Assunto;Vício de Qualidade;Serviço não fornecido / interrompido;Internet;N;S;Finalizada avaliada - Resolvida;Resolvida;4
Sudeste;SP;São Paulo;M;entre 21 a 30 anos;2026;3;27/03/2026;;;4;Banco Alfa (fictício);Bancos, Financeiras e Administradoras de Cartão;Serviços Financeiros;Assunto;Contrato / Oferta;Dificuldade para cancelar o cartão;Loja física;S;S;Finalizada não avaliada;Não Avaliada;
Sudeste;RJ;Rio de Janeiro;F;entre 31 a 40 anos;2026;7;02/07/2026;;;6;Cartões Zeta (fictícia);Bancos, Financeiras e Administradoras de Cartão;Serviços Financeiros;Assunto;Cobrança / Contestação;Cobrança por serviço/produto não contratado / não reconhecido / não solicitado;Loja física;S;S;Finalizada avaliada - Resolvida;Resolvida;5
Sudeste;RJ;Rio de Janeiro;F;entre 31 a 40 anos;2026;6;13/06/2026;;;10;Telecom Gama (fictícia);Operadoras de Telecomunicações (Telefonia, Internet, TV por assinatura);Outros;Assunto;Contrato / Oferta;Dificuldade / atraso no cancelamento;Telefone;N;S;Finalizada avaliada - Não Resolvida;Não Resolvida;1
Sul;RS;Porto Alegre;M;entre 21 a 30 anos;2026;3;23/03/2026;;;8;Operadora Ômega (fictícia);Operadoras de Telecomunicações (Telefonia, Internet, TV por assinatura);Outros;Assunto;Contrato / Oferta;Dificuldade / atraso no cancelamento;Internet;S;S;Finalizada avaliada - Não Resolvida;Não Resolvida;1
Nordeste;BA;Salvador;M;entre 21 a 30 anos;2026;1;31/01/2026;;;9;Telecom Gama (fictícia);Operadoras de Telecomunicações (Telefonia, Internet, TV por assinatura);Outros;Assunto;Vício de Qualidade;Serviço não fornecido / interrompido;Loja física;N;S;Finalizada avaliada - Resolvida;Resolvida;4
Sudeste;MG;Belo Horizonte;M;entre 21 a 30 anos;2026;1;11/01/2026;;;4;Loja Delta (fictícia);Comércio Eletrônico;Outros;Assunto;Contrato / Oferta;Dificuldade / atraso na devolução de valores pagos;Loja física;S;S;Finalizada não avaliada;Não Avaliada;
Sudeste;MG;Belo Horizonte;M;entre 21 a 30 anos;2026;1;13/01/2026;;;5;Marketplace Épsilon (fictício);Comércio Eletrônico;Outros;Assunto;Vício de Qualidade;Produto danificado / com defeito;Telefone;S;S;Finalizada avaliada - Resolvida;Resolvida;5
Sudeste;SP;São Paulo;M;entre 21 a 30 anos;2026;1;04/01/2026;;;10;Loja Delta (fictícia);Comércio Eletrônico;Outros;Assunto;Entrega do Produto;Não entrega / demora na entrega do produto;Internet;N;S;Finalizada não avaliada;Não Avaliada;
Sudeste;MG;Belo Horizonte;M;entre 21 a 30 anos;2026;5;31/05/2026;;;9;Cartões Zeta (fictícia);Bancos, Financeiras e Administradoras de Cartão;Serviços Financeiros;Assunto;Cobrança / Contestação;Cobrança por serviço/produto não contratado / não reconhecido / não solicitado;Telefone;S;S;Finalizada avaliada - Não Resolvida;Não Resolvida;3
Sudeste;SP;São Paulo;M;entre 31 a 40 anos;2026;2;13/02/2026;;;6;Banco Alfa (fictício);Bancos, Financeiras e Administradoras de Cartão;Serviços Financeiros;Assunto;Atendimento / SAC;Dificuldade de contato / acesso a outros canais;Loja física;N;S;Finalizada avaliada - Não Resolvida;Não Resolvida;3
Sudeste;RJ;Rio de Janeiro;F;entre 31 a 40 anos;2026;3;12/03/2026;;;6;Banco Alfa (fictício);Bancos, Financeiras e Administradoras de Cartão;Serviços Financeiros;Assunto;Cobrança / Contestação;Cobrança indevida / abusiva;Loja física;N;S;Finalizada avaliada - Resolvida;Resolvida;5
Nordeste;BA;Salvador;M;entre 31 a 40 anos;2026;2;05/02/2026;;;6;Banco Alfa (fictício);Bancos, Financeiras e Administradoras de Cartão;Serviços Financeiros;Assunto;Contrato / Oferta;Dificuldade para cancelar o cartão;Loja física;N;S;Finalizada avaliada - Não Resolvida;Não Resolvida;1
Sul;RS;Porto Alegre;F;entre 21 a 30 anos;2026;8;22/08/2026;;;7;Telecom Gama (fictícia);Operadoras de Telecomunicações (Telefonia, Internet, TV por assinatura);Outros;Assunto;Vício de Qualidade;Serviço não fornecido / interrompido;Telefone;N;S;Finalizada avaliada - Não Resolvida;Não Resolvida;1
Sudeste;RJ;Rio de Janeiro;M;entre 41 a 50 anos;2026;1;26/01/2026;;;5;Loja Delta (fictícia);Comércio Eletrônico;Outros;Assunto;Entrega do Produto;Não entrega / demora na entrega do produto;Telefone;N;S;Finalizada avaliada - Resolvida;Resolvida;4
Sudeste;RJ;Rio de Janeiro;M;entre 41 a 50 anos;2026;3;02/03/2026;;;6;Marketplace Épsilon (fictício);Comércio Eletrônico;Outros;Assunto;Entrega do Produto;Não entrega / demora na entrega do produto;Loja física;N;S;Finalizada não avaliada;Não Avaliada;
Sudeste;RJ;Rio de Janeiro;F;entre 41 a 50 anos;2026;5;25/05/2026;;;2;Marketplace Épsilon (fictício);Comércio Eletrônico;Outros;Assunto;Contrato / Oferta;Dificuldade / atraso na devolução de valores pagos;Telefone;S;S;Finalizada não avaliada;Não Avaliada;
Sudeste;SP;São Paulo;F;entre 41 a 50 anos;2026;3;01/03/2026;;;10;Telecom Gama (fictícia);Operadoras de Telecomunicações (Telefonia, Internet, TV por assinatura);Outros;Assunto;Cobrança / Contestação;Cobrança indevida / abusiva;Internet;N;S;Finalizada avaliada - Não Resolvida;Não Resolvida;1
Sudeste;MG;Belo Horizonte;F;entre 21 a 30 anos;2026;6;30/06/2026;;;6;Banco Alfa (fictício);Bancos, Financeiras e Administradoras de Cartão;Serviços Financeiros;Assunto;Cobrança / Contestação;Cobrança indevida / abusiva;Telefone;N;S;Finalizada não avaliada;Não Avaliada;
Sul;RS;Porto Alegre;F;entre 41 a 50 anos;2026;3;24/03/2026;;;11;Telecom Gama (fictícia);Operadoras de Telecomunicações (Telefonia, Internet, TV por assinatura);Outros;Assunto;Vício de Qualidade;Serviço não fornecido / interrompido;Telefone;S;S;Finalizada não avaliada;Não Avaliada;
Sudeste;MG;Belo Horizonte;F;entre 41 a 50 anos;2026;7;21/07/2026;;;11;Operadora Ômega (fictícia);Operadoras de Telecomunicações (Telefonia, Internet, TV por assinatura);Outros;Assunto;Contrato / Oferta;Dificuldade / atraso no cancelamento;Loja física;N;S;Finalizada avaliada - Não Resolvida;Não Resolvida;3
Sudeste;MG;Belo Horizonte;M;entre 31 a 40 anos;2026;4;11/04/2026;;;6;Banco Alfa (fictício);Bancos, Financeiras e Administradoras de Cartão;Serviços Financeiros;Assunto;Cobrança / Contestação;Cobrança por serviço/produto não contratado / não reconhecido / não solicitado;Internet;N;S;Finalizada avaliada - Resolvida;Resolvida;4
Sul;RS;Porto Alegre;M;entre 41 a 50 anos;2026;3;23/03/2026;;;1;Loja Delta (fictícia);Comércio Eletrônico;Outros;Assunto;Entrega do Produto;Não entrega / demora na entrega do produto;Loja física;N;S;Finalizada não avaliada;Não Avaliada;
Sudeste;RJ;Rio de Janeiro;M;entre 31 a 40 anos;2026;3;05/03/2026;;;6;Telecom Gama (fictícia);Operadoras de Telecomunicações (Telefonia, Internet, TV por assinatura);Outros;Assunto;Vício de Qualidade;Serviço não fornecido / interrompido;Telefone;N;S;Finalizada não avaliada;Não Avaliada;
Nordeste;BA;Salvador;M;entre 21 a 30 anos;2026;8;14/08/2026;;;8;Marketplace Épsilon (fictício);Comércio Eletrônico;Outros;Assunto;Vício de Qualidade;Produto danificado / com defeito;Telefone;S;S;Finalizada avaliada - Resolvida;Resolvida;5
Sul;RS;Porto Alegre;M;entre 31 a 40 anos;2026;1;06/01/2026;;;5;Loja Delta (fictícia);Comércio Eletrônico;Outros;Assunto;Entrega do Produto;Não entrega / demora na entrega do produto;Loja física;N;S;Finalizada avaliada - Resolvida;Resolvida;4
Sudeste;RJ;Rio de Janeiro;M;entre 31 a 40 anos;2026;6;05/06/2026;;;7;Operadora Ômega (fictícia);Operadoras de Telecomunicações (Telefonia, Internet, TV por assinatura);Outros;Assunto;Vício de Qualidade;Serviço não fornecido / interrompido;Loja física;N;S;Finalizada avaliada - Resolvida;Resolvida;4
Sudeste;RJ;Rio de Janeiro;M;entre 31 a 40 anos;2026;1;25/01/2026;;;4;Operadora Ômega (fictícia);Operadoras de Telecomunicações (Telefonia, Internet, TV por assinatura);Outros;Assunto;Vício de Qualidade;Serviço não fornecido / interrompido;Loja física;N;S;Finalizada avaliada - Resolvida;Resolvida;5
Sudeste;RJ;Rio de Janeiro;F;entre 21 a 30 anos;2026;2;13/02/2026;;;1;Fintech Beta (fictícia);Bancos, Financeiras e Administradoras de Cartão;Serviços Financeiros;Assunto;Cobrança / Contestação;Cobrança por serviço/produto não contratado / não reconhecido / não solicitado;Telefone;N;S;Finalizada não avaliada;Não Avaliada;
Sul;RS;Porto Alegre;F;entre 31 a 40 anos;2026;1;24/01/2026;;;7;Telecom Gama (fictícia);Operadoras de Telecomunicações (Telefonia, Internet, TV por assinatura);Outros;Assunto;Contrato / Oferta;Dificuldade / atraso no cancelamento;Telefone;N;S;Finalizada avaliada - Resolvida;Resolvida;4
Sudeste;MG;Belo Horizonte;F;entre 41 a 50 anos;2026;1;16/01/2026;;;4;Fintech Beta (fictícia);Bancos, Financeiras e Administradoras de Cartão;Serviços Financeiros;Assunto;Contrato / Oferta;Dificuldade para cancelar o cartão;Internet;S;S;Finalizada avaliada - Resolvida;Resolvida;5
Nordeste;BA;Salvador;M;entre 41 a 50 anos;2026;5;18/05/2026;;;6;Loja Delta (fictícia);Comércio Eletrônico;Outros;Assunto;Contrato / Oferta;Dificuldade / atraso na devolução de valores pagos;Loja física;S;S;Finalizada avaliada - Resolvida;Resolvida;5
Sudeste;RJ;Rio de Janeiro;M;entre 21 a 30 anos;2026;8;31/08/2026;;;;Banco Alfa (fictício);Bancos, Financeiras e Administradoras de Cartão;Serviços Financeiros;Assunto;Atendimento / SAC;Dificuldade de contato / acesso a outros canais;Internet;S;N;Finalizada não avaliada;Não Avaliada;
Nordeste;BA;Salvador;M;entre 41 a 50 anos;2026;2;21/02/2026;;;;Telecom Gama (fictícia);Operadoras de Telecomunicações (Telefonia, Internet, TV por assinatura);Outros;Assunto;Contrato / Oferta;Dificuldade / atraso no cancelamento;Telefone;N;N;Finalizada não avaliada;Não Avaliada;
Sudeste;SP;São Paulo;M;entre 41 a 50 anos;2026;4;10/04/2026;;;4;Marketplace Épsilon (fictício);Comércio Eletrônico;Outros;Assunto;Entrega do Produto;Não entrega / demora na entrega do produto;Loja física;N;S;Finalizada avaliada - Não Resolvida;Não Resolvida;3
Sudeste;RJ;Rio de Janeiro;M;entre 31 a 40 anos;2026;5;26/05/2026;;;6;Banco Alfa (fictício);Bancos, Financeiras e Administradoras de Cartão;Serviços Financeiros;Assunto;Cobrança / Contestação;Cobrança indevida / abusiva;Loja física;N;S;Finalizada não avaliada;Não Avaliada;
Nordeste;BA;Salvador;F;entre 21 a 30 anos;2026;6;17/06/2026;;;1;Loja Delta (fictícia);Comércio Eletrônico;Outros;Assunto;Vício de Qualidade;Produto danificado / com defeito;Loja física;N;S;Finalizada avaliada - Resolvida;Resolvida;5
Sudeste;RJ;Rio de Janeiro;F;entre 31 a 40 anos;2026;1;13/01/2026;;;10;Banco Alfa (fictício);Bancos, Financeiras e Administradoras de Cartão;Serviços Financeiros;Assunto;Contrato / Oferta;Dificuldade para cancelar o cartão;Telefone;S;S;Finalizada avaliada - Não Resolvida;Não Resolvida;2
Sudeste;RJ;Rio de Janeiro;F;entre 31 a 40 anos;2026;3;18/03/2026;;;;Marketplace Épsilon (fictício);Comércio Eletrônico;Outros;Assunto;Entrega do Produto;Não entrega / demora na entrega do produto;Telefone;N;N;Finalizada não avaliada;Não Avaliada;
Sudeste;RJ;Rio de Janeiro;F;entre 41 a 50 anos;2026;4;24/04/2026;;;6;Telecom Gama (fictícia);Operadoras de Telecomunicações (Telefonia, Internet, TV por assinatura);Outros;Assunto;Cobrança / Contestação;Cobrança indevida / abusiva;Telefone;S;S;Finalizada não avaliada;Não Avaliada;
Sudeste;SP;São Paulo;M;entre 21 a 30 anos;2026;3;21/03/2026;;;5;Telecom Gama (fictícia);Operadoras de Telecomunicações (Telefonia, Internet, TV por assinatura);Outros;Assunto;Cobrança / Contestação;Cobrança indevida / abusiva;Internet;S;S;Finalizada avaliada - Não Resolvida;Não Resolvida;1
Sul;RS;Porto Alegre;M;entre 41 a 50 anos;2026;6;30/06/2026;;;8;Banco Alfa (fictício);Bancos, Financeiras e Administradoras de Cartão;Serviços Financeiros;Assunto;Cobrança / Contestação;Cobrança por serviço/produto não contratado / não reconhecido / não solicitado;Internet;S;S;Finalizada avaliada - Resolvida;Resolvida;5
Sudeste;RJ;Rio de Janeiro;F;entre 41 a 50 anos;2026;8;11/08/2026;;;7;Cartões Zeta (fictícia);Bancos, Financeiras e Administradoras de Cartão;Serviços Financeiros;Assunto;Atendimento / SAC;Dificuldade de contato / acesso a outros canais;Loja física;S;S;Finalizada não avaliada;Não Avaliada;
Sudeste;SP;São Paulo;M;entre 21 a 30 anos;2026;2;11/02/2026;;;2;Fintech Beta (fictícia);Bancos, Financeiras e Administradoras de Cartão;Serviços Financeiros;Assunto;Atendimento / SAC;Dificuldade de contato / acesso a outros canais;Loja física;S;S;Finalizada não avaliada;Não Avaliada;
Nordeste;BA;Salvador;M;entre 21 a 30 anos;2026;5;12/05/2026;;;8;Operadora Ômega (fictícia);Operadoras de Telecomunicações (Telefonia, Internet, TV por assinatura);Outros;Assunto;Vício de Qualidade;Serviço não fornecido / interrompido;Telefone;N;S;Finalizada avaliada - Não Resolvida;Não Resolvida;1
Sul;RS;Porto Alegre;F;entre 31 a 40 anos;2026;4;19/04/2026;;;4;Operadora Ômega (fictícia);Operadoras de Telecomunicações (Telefonia, Internet, TV por assinatura);Outros;Assunto;Contrato / Oferta;Dificuldade / atraso no cancelamento;Internet;N;S;Finalizada não avaliada;Não Avaliada;
Sudeste;MG;Belo Horizonte;F;entre 31 a 40 anos;2026;1;27/01/2026;;;8;Fintech Beta (fictícia);Bancos, Financeiras e Administradoras de Cartão;Serviços Financeiros;Assunto;Atendimento / SAC;Dificuldade de contato / acesso a outros canais;Loja física;S;S;Finalizada não avaliada;Não Avaliada;
Sul;RS;Porto Alegre;M;entre 21 a 30 anos;2026;6;13/06/2026;;;8;Telecom Gama (fictícia);Operadoras de Telecomunicações (Telefonia, Internet, TV por assinatura);Outros;Assunto;Vício de Qualidade;Serviço não fornecido / interrompido;Loja física;S;S;Finalizada avaliada - Não Resolvida;Não Resolvida;2
Nordeste;BA;Salvador;F;entre 31 a 40 anos;2026;6;19/06/2026;;;5;Marketplace Épsilon (fictício);Comércio Eletrônico;Outros;Assunto;Contrato / Oferta;Dificuldade / atraso na devolução de valores pagos;Loja física;S;S;Finalizada avaliada - Resolvida;Resolvida;5
Sudeste;RJ;Rio de Janeiro;F;entre 41 a 50 anos;2026;3;29/03/2026;;;8;Telecom Gama (fictícia);Operadoras de Telecomunicações (Telefonia, Internet, TV por assinatura);Outros;Assunto;Contrato / Oferta;Dificuldade / atraso no cancelamento;Telefone;S;S;Finalizada avaliada - Resolvida;Resolvida;5
Sudeste;RJ;Rio de Janeiro;M;entre 41 a 50 anos;2026;3;17/03/2026;;;5;Loja Delta (fictícia);Comércio Eletrônico;Outros;Assunto;Contrato / Oferta;Dificuldade / atraso na devolução de valores pagos;Telefone;S;S;Finalizada não avaliada;Não Avaliada;
Sul;RS;Porto Alegre;F;entre 21 a 30 anos;2026;4;18/04/2026;;;4;Fintech Beta (fictícia);Bancos, Financeiras e Administradoras de Cartão;Serviços Financeiros;Assunto;Cobrança / Contestação;Cobrança indevida / abusiva;Telefone;S;S;Finalizada avaliada - Resolvida;Resolvida;5
Sudeste;MG;Belo Horizonte;F;entre 21 a 30 anos;2026;8;30/08/2026;;;3;Loja Delta (fictícia);Comércio Eletrônico;Outros;Assunto;Contrato / Oferta;Dificuldade / atraso na devolução de valores pagos;Internet;S;S;Finalizada avaliada - Resolvida;Resolvida;5
Nordeste;BA;Salvador;M;entre 31 a 40 anos;2026;5;26/05/2026;;;5;Marketplace Épsilon (fictício);Comércio Eletrônico;Outros;Assunto;Vício de Qualidade;Produto danificado / com defeito;Loja física;S;S;Finalizada não avaliada;Não Avaliada;
Sul;RS;Porto Alegre;F;entre 41 a 50 anos;2026;6;11/06/2026;;;;Loja Delta (fictícia);Comércio Eletrônico;Outros;Assunto;Vício de Qualidade;Produto danificado / com defeito;Internet;S;N;Finalizada não avaliada;Não Avaliada;
Sudeste;RJ;Rio de Janeiro;F;entre 31 a 40 anos;2026;5;28/05/2026;;;5;Telecom Gama (fictícia);Operadoras de Telecomunicações (Telefonia, Internet, TV por assinatura);Outros;Assunto;Cobrança / Contestação;Cobrança indevida / abusiva;Telefone;N;S;Finalizada avaliada - Não Resolvida;Não Resolvida;3
Sul;RS;Porto Alegre;M;entre 21 a 30 anos;2026;1;04/01/2026;;;6;Banco Alfa (fictício);Bancos, Financeiras e Administradoras de Cartão;Serviços Financeiros;Assunto;Cobrança / Contestação;Cobrança indevida / abusiva;Loja física;S;S;Finalizada não avaliada;Não Avaliada;
Sudeste;RJ;Rio de Janeiro;M;entre 31 a 40 anos;2026;6;27/06/2026;;;7;Operadora Ômega (fictícia);Operadoras de Telecomunicações (Telefonia, Internet, TV por assinatura);Outros;Assunto;Cobrança / Contestação;Cobrança indevida / abusiva;Telefone;N;S;Finalizada avaliada - Resolvida;Resolvida;4
Sudeste;MG;Belo Horizonte;F;entre 21 a 30 anos;2026;3;28/03/2026;;;8;Operadora Ômega (fictícia);Operadoras de Telecomunicações (Telefonia, Internet, TV por assinatura);Outros;Assunto;Contrato / Oferta;Dificuldade / atraso no cancelamento;Internet;N;S;Finalizada avaliada - Resolvida;Resolvida;5
Sudeste;RJ;Rio de Janeiro;F;entre 41 a 50 anos;2026;2;24/02/2026;;;5;Banco Alfa (fictício);Bancos, Financeiras e Administradoras de Cartão;Serviços Financeiros;Assunto;Cobrança / Contestação;Cobrança indevida / abusiva;Telefone;S;S;Finalizada avaliada - Resolvida;Resolvida;4
Sudeste;SP;São Paulo;F;entre 21 a 30 anos;2026;6;17/06/2026;;;7;Telecom Gama (fictícia);Operadoras de Telecomunicações (Telefonia, Internet, TV por assinatura);Outros;Assunto;Cobrança / Contestação;Cobrança indevida / abusiva;Loja física;N;S;Finalizada avaliada - Resolvida;Resolvida;5
Sudeste;RJ;Rio de Janeiro;F;entre 21 a 30 anos;2026;6;27/06/2026;;;10;Telecom Gama (fictícia);Operadoras de Telecomunicações (Telefonia, Internet, TV por assinatura);Outros;Assunto;Cobrança / Contestação;Cobrança indevida / abusiva;Loja física;S;S;Finalizada avaliada - Resolvida;Resolvida;4
Nordeste;BA;Salvador;M;entre 31 a 40 anos;2026;2;20/02/2026;;;3;Fintech Beta (fictícia);Bancos, Financeiras e Administradoras de Cartão;Serviços Financeiros;Assunto;Cobrança / Contestação;Cobrança por serviço/produto não contratado / não reconhecido / não solicitado;Loja física;N;S;Finalizada não avaliada;Não Avaliada;
Sudeste;MG;Belo Horizonte;M;entre 41 a 50 anos;2026;5;08/05/2026;;;2;Fintech Beta (fictícia);Bancos, Financeiras e Administradoras de Cartão;Serviços Financeiros;Assunto;Cobrança / Contestação;Cobrança por serviço/produto não contratado / não reconhecido / não solicitado;Loja física;N;S;Finalizada avaliada - Resolvida;Resolvida;4
Sudeste;MG;Belo Horizonte;F;entre 31 a 40 anos;2026;1;20/01/2026;;;4;Banco Alfa (fictício);Bancos, Financeiras e Administradoras de Cartão;Serviços Financeiros;Assunto;Cobrança / Contestação;Cobrança por serviço/produto não contratado / não reconhecido / não solicitado;Telefone;N;S;Finalizada avaliada - Resolvida;Resolvida;4
Sudeste;SP;São Paulo;M;entre 21 a 30 anos;2026;8;07/08/2026;;;7;Banco Alfa (fictício);Bancos, Financeiras e Administradoras de Cartão;Serviços Financeiros;Assunto;Cobrança / Contestação;Cobrança indevida / abusiva;Internet;S;S;Finalizada não avaliada;Não Avaliada;
Sul;RS;Porto Alegre;F;entre 41 a 50 anos;2026;4;02/04/2026;;;5;Operadora Ômega (fictícia);Operadoras de Telecomunicações (Telefonia, Internet, TV por assinatura);Outros;Assunto;Cobrança / Contestação;Cobrança indevida / abusiva;Internet;N;S;Finalizada não avaliada;Não Avaliada;
Sudeste;SP;São Paulo;M;entre 21 a 30 anos;2026;4;13/04/2026;;;1;Loja Delta (fictícia);Comércio Eletrônico;Outros;Assunto;Entrega do Produto;Não entrega / demora na entrega do produto;Internet;S;S;Finalizada avaliada - Resolvida;Resolvida;5
Sudeste;SP;São Paulo;M;entre 41 a 50 anos;2026;4;17/04/2026;;;6;Marketplace Épsilon (fictício);Comércio Eletrônico;Outros;Assunto;Entrega do Produto;Não entrega / demora na entrega do produto;Telefone;N;S;Finalizada avaliada - Resolvida;Resolvida;5
Sudeste;RJ;Rio de Janeiro;M;entre 41 a 50 anos;2026;5;04/05/2026;;;10;Telecom Gama (fictícia);Operadoras de Telecomunicações (Telefonia, Internet, TV por assinatura);Outros;Assunto;Contrato / Oferta;Dificuldade / atraso no cancelamento;Loja física;S;S;Finalizada avaliada - Resolvida;Resolvida;5
Sul;RS;Porto Alegre;M;entre 31 a 40 anos;2026;5;13/05/2026;;;6;Marketplace Épsilon (fictício);Comércio Eletrônico;Outros;Assunto;Contrato / Oferta;Dificuldade / atraso na devolução de valores pagos;Loja física;S;S;Finalizada não avaliada;Não Avaliada;
Nordeste;BA;Salvador;F;entre 31 a 40 anos;2026;2;08/02/2026;;;2;Telecom Gama (fictícia);Operadoras de Telecomunicações (Telefonia, Internet, TV por assinatura);Outros;Assunto;Contrato / Oferta;Dificuldade / atraso no cancelamento;Internet;S;S;Finalizada avaliada - Não Resolvida;Não Resolvida;1
Sudeste;RJ;Rio de Janeiro;M;entre 41 a 50 anos;2026;3;26/03/2026;;;;Loja Delta (fictícia);Comércio Eletrônico;Outros;Assunto;Vício de Qualidade;Produto danificado / com defeito;Internet;N;N;Finalizada não avaliada;Não Avaliada;
Sudeste;SP;São Paulo;F;entre 31 a 40 anos;2026;4;28/04/2026;;;7;Cartões Zeta (fictícia);Bancos, Financeiras e Administradoras de Cartão;Serviços Financeiros;Assunto;Cobrança / Contestação;Cobrança indevida / abusiva;Internet;N;S;Finalizada avaliada - Resolvida;Resolvida;5
Sudeste;SP;São Paulo;M;entre 41 a 50 anos;2026;4;14/04/2026;;;4;Loja Delta (fictícia);Comércio Eletrônico;Outros;Assunto;Entrega do Produto;Não entrega / demora na entrega do produto;Loja física;N;S;Finalizada avaliada - Resolvida;Resolvida;5
Sudeste;SP;São Paulo;F;entre 41 a 50 anos;2026;7;29/07/2026;;;5;Marketplace Épsilon (fictício);Comércio Eletrônico;Outros;Assunto;Vício de Qualidade;Produto danificado / com defeito;Telefone;S;S;Finalizada avaliada - Resolvida;Resolvida;5
Sudeste;SP;São Paulo;M;entre 21 a 30 anos;2026;3;29/03/2026;;;4;Banco Alfa (fictício);Bancos, Financeiras e Administradoras de Cartão;Serviços Financeiros;Assunto;Cobrança / Contestação;Cobrança indevida / abusiva;Telefone;S;S;Finalizada avaliada - Resolvida;Resolvida;4
Nordeste;BA;Salvador;M;entre 31 a 40 anos;2026;1;28/01/2026;;;1;Loja Delta (fictícia);Comércio Eletrônico;Outros;Assunto;Contrato / Oferta;Dificuldade / atraso na devolução de valores pagos;Internet;N;S;Finalizada avaliada - Resolvida;Resolvida;5
Sudeste;SP;São Paulo;F;entre 41 a 50 anos;2026;8;26/08/2026;;;6;Banco Alfa (fictício);Bancos, Financeiras e Administradoras de Cartão;Serviços Financeiros;Assunto;Atendimento / SAC;Dificuldade de contato / acesso a outros canais;Loja física;S;S;Finalizada não avaliada;Não Avaliada;
Sudeste;MG;Belo Horizonte;F;entre 41 a 50 anos;2026;7;08/07/2026;;;4;Marketplace Épsilon (fictício);Comércio Eletrônico;Outros;Assunto;Entrega do Produto;Não entrega / demora na entrega do produto;Internet;S;S;Finalizada não avaliada;Não Avaliada;
Sudeste;SP;São Paulo;F;entre 41 a 50 anos;2026;4;10/04/2026;;;6;Operadora Ômega (fictícia);Operadoras de Telecomunicações (Telefonia, Internet, TV por assinatura);Outros;Assunto;Cobrança / Contestação;Cobrança indevida / abusiva;Loja física;S;S;Finalizada não avaliada;Não Avaliada;
Sul;RS;Porto Alegre;F;entre 41 a 50 anos;2026;4;26/04/2026;;;2;Fintech Beta (fictícia);Bancos, Financeiras e Administradoras de Cartão;Serviços Financeiros;Assunto;Contrato / Oferta;Dificuldade para cancelar o cartão;Loja física;S;S;Finalizada avaliada - Resolvida;Resolvida;5
Sul;RS;Porto Alegre;F;entre 41 a 50 anos;2026;8;24/08/2026;;;6;Fintech Beta (fictícia);Bancos, Financeiras e Administradoras de Cartão;Serviços Financeiros;Assunto;Contrato / Oferta;Dificuldade para cancelar o cartão;Internet;N;S;Finalizada não avaliada;Não Avaliada;
Sudeste;MG;Belo Horizonte;F;entre 21 a 30 anos;2026;8;30/08/2026;;;8;Telecom Gama (fictícia);Operadoras de Telecomunicações (Telefonia, Internet, TV por assinatura);Outros;Assunto;Contrato / Oferta;Dificuldade / atraso no cancelamento;Loja física;S;S;Finalizada avaliada - Não Resolvida;Não Resolvida;2
Sudeste;SP;São Paulo;F;entre 21 a 30 anos;2026;6;21/06/2026;;;6;Banco Alfa (fictício);Bancos, Financeiras e Administradoras de Cartão;Serviços Financeiros;Assunto;Cobrança / Contestação;Cobrança indevida / abusiva;Internet;N;S;Finalizada não avaliada;Não Avaliada;
Sul;RS;Porto Alegre;F;entre 21 a 30 anos;2026;7;28/07/2026;;;6;Fintech Beta (fictícia);Bancos, Financeiras e Administradoras de Cartão;Serviços Financeiros;Assunto;Cobrança / Contestação;Cobrança por serviço/produto não contratado / não reconhecido / não solicitado;Loja física;N;S;Finalizada avaliada - Resolvida;Resolvida;4
Nordeste;BA;Salvador;M;entre 21 a 30 anos;2026;4;10/04/2026;;;8;Operadora Ômega (fictícia);Operadoras de Telecomunicações (Telefonia, Internet, TV por assinatura);Outros;Assunto;Cobrança / Contestação;Cobrança indevida / abusiva;Loja física;N;S;Finalizada não avaliada;Não Avaliada;
Sudeste;RJ;Rio de Janeiro;F;entre 41 a 50 anos;2026;8;22/08/2026;;;1;Fintech Beta (fictícia);Bancos, Financeiras e Administradoras de Cartão;Serviços Financeiros;Assunto;Atendimento / SAC;Dificuldade de contato / acesso a outros canais;Loja física;S;S;Finalizada não avaliada;Não Avaliada;
Sul;RS;Porto Alegre;M;entre 31 a 40 anos;2026;4;25/04/2026;;;3;Loja Delta (fictícia);Comércio Eletrônico;Outros;Assunto;Entrega do Produto;Não entrega / demora na entrega do produto;Telefone;N;S;Finalizada avaliada - Resolvida;Resolvida;5
Sudeste;SP;São Paulo;M;entre 21 a 30 anos;2026;3;26/03/2026;;;5;Banco Alfa (fictício);Bancos, Financeiras e Administradoras de Cartão;Serviços Financeiros;Assunto;Contrato / Oferta;Dificuldade para cancelar o cartão;Telefone;S;S;Finalizada não avaliada;Não Avaliada;
Sudeste;MG;Belo Horizonte;M;entre 21 a 30 anos;2026;8;04/08/2026;;;1;Loja Delta (fictícia);Comércio Eletrônico;Outros;Assunto;Contrato / Oferta;Dificuldade / atraso na devolução de valores pagos;Loja física;S;S;Finalizada avaliada - Não Resolvida;Não Resolvida;2
Nordeste;BA;Salvador;F;entre 31 a 40 anos;2026;5;20/05/2026;;;4;Loja Delta (fictícia);Comércio Eletrônico;Outros;Assunto;Entrega do Produto;Não entrega / demora na entrega do produto;Telefone;N;S;Finalizada avaliada - Resolvida;Resolvida;4
Sudeste;MG;Belo Horizonte;M;entre 41 a 50 anos;2026;7;30/07/2026;;;2;Fintech Beta (fictícia);Bancos, Financeiras e Administradoras de Cartão;Serviços Financeiros;Assunto;Atendimento / SAC;Dificuldade de contato / acesso a outros canais;Telefone;N;S;Finalizada avaliada - Resolvida;Resolvida;4
Nordeste;BA;Salvador;F;entre 31 a 40 anos;2026;3;07/03/2026;;;4;Marketplace Épsilon (fictício);Comércio Eletrônico;Outros;Assunto;Entrega do Produto;Não entrega / demora na entrega do produto;Internet;N;S;Finalizada avaliada - Não Resolvida;Não Resolvida;2
Sul;RS;Porto Alegre;M;entre 41 a 50 anos;2026;5;12/05/2026;;;9;Marketplace Épsilon (fictício);Comércio Eletrônico;Outros;Assunto;Entrega do Produto;Não entrega / demora na entrega do produto;Internet;S;S;Finalizada não avaliada;Não Avaliada;
Nordeste;BA;Salvador;M;entre 41 a 50 anos;2026;8;02/08/2026;;;10;Operadora Ômega (fictícia);Operadoras de Telecomunicações (Telefonia, Internet, TV por assinatura);Outros;Assunto;Cobrança / Contestação;Cobrança indevida / abusiva;Loja física;S;S;Finalizada avaliada - Não Resolvida;Não Resolvida;3
Sudeste;SP;São Paulo;F;entre 31 a 40 anos;2026;1;23/01/2026;;;7;Banco Alfa (fictício);Bancos, Financeiras e Administradoras de Cartão;Serviços Financeiros;Assunto;Contrato / Oferta;Dificuldade para cancelar o cartão;Telefone;N;S;Finalizada avaliada - Não Resolvida;Não Resolvida;2
Nordeste;BA;Salvador;M;entre 41 a 50 anos;2026;6;22/06/2026;;;9;Telecom Gama (fictícia);Operadoras de Telecomunicações (Telefonia, Internet, TV por assinatura);Outros;Assunto;Cobrança / Contestação;Cobrança indevida / abusiva;Internet;N;S;Finalizada avaliada - Não Resolvida;Não Resolvida;1
Sul;RS;Porto Alegre;F;entre 31 a 40 anos;2026;7;21/07/2026;;;4;Marketplace Épsilon (fictício);Comércio Eletrônico;Outros;Assunto;Entrega do Produto;Não entrega / demora na entrega do produto;Loja física;S;S;Finalizada não avaliada;Não Avaliada;
Sudeste;RJ;Rio de Janeiro;F;entre 41 a 50 anos;2026;2;04/02/2026;;;7;Telecom Gama (fictícia);Operadoras de Telecomunicações (Telefonia, Internet, TV por assinatura);Outros;Assunto;Contrato / Oferta;Dificuldade / atraso no cancelamento;Internet;N;S;Finalizada não avaliada;Não Avaliada;
Sul;RS;Porto Alegre;F;entre 21 a 30 anos;2026;1;03/01/2026;;;6;Operadora Ômega (fictícia);Operadoras de Telecomunicações (Telefonia, Internet, TV por assinatura);Outros;Assunto;Contrato / Oferta;Dificuldade / atraso no cancelamento;Loja física;N;S;Finalizada avaliada - Resolvida;Resolvida;4
Sudeste;RJ;Rio de Janeiro;M;entre 21 a 30 anos;2026;2;17/02/2026;;;3;Fintech Beta (fictícia);Bancos, Financeiras e Administradoras de Cartão;Serviços Financeiros;Assunto;Cobrança / Contestação;Cobrança indevida / abusiva;Internet;S;S;Finalizada não avaliada;Não Avaliada;
Nordeste;BA;Salvador;F;entre 31 a 40 anos;2026;6;15/06/2026;;;4;Loja Delta (fictícia);Comércio Eletrônico;Outros;Assunto;Contrato / Oferta;Dificuldade / atraso na devolução de valores pagos;Internet;S;S;Finalizada avaliada - Resolvida;Resolvida;5
Sudeste;RJ;Rio de Janeiro;F;entre 31 a 40 anos;2026;3;23/03/2026;;;7;Banco Alfa (fictício);Bancos, Financeiras e Administradoras de Cartão;Serviços Financeiros;Assunto;Cobrança / Contestação;Cobrança por serviço/produto não contratado / não reconhecido / não solicitado;Telefone;S;S;Finalizada avaliada - Resolvida;Resolvida;4
Sudeste;RJ;Rio de Janeiro;F;entre 31 a 40 anos;2026;7;02/07/2026;;;2;Banco Alfa (fictício);Bancos, Financeiras e Administradoras de Cartão;Serviços Financeiros;Assunto;Cobrança / Contestação;Cobrança indevida / abusiva;Telefone;N;S;Finalizada avaliada - Não Resolvida;Não Resolvida;3
Sudeste;RJ;Rio de Janeiro;M;entre 41 a 50 anos;2026;6;15/06/2026;;;9;Telecom Gama (fictícia);Operadoras de Telecomunicações (Telefonia, Internet, TV por assinatura);Outros;Assunto;Cobrança / Contestação;Cobrança indevida / abusiva;Internet;N;S;Finalizada não avaliada;Não Avaliada;
Sudeste;SP;São Paulo;M;entre 21 a 30 anos;2026;7;06/07/2026;;;6;Loja Delta (fictícia);Comércio Eletrônico;Outros;Assunto;Contrato / Oferta;Dificuldade / atraso na devolução de valores pagos;Loja física;N;S;Finalizada avaliada - Resolvida;Resolvida;5
Nordeste;BA;Salvador;M;entre 31 a 40 anos;2026;6;17/06/2026;;;8;Telecom Gama (fictícia);Operadoras de Telecomunicações (Telefonia, Internet, TV por assinatura);Outros;Assunto;Contrato / Oferta;Dificuldade / atraso no cancelamento;Loja física;S;S;Finalizada avaliada - Resolvida;Resolvida;5
Sudeste;RJ;Rio de Janeiro;M;entre 31 a 40 anos;2026;8;06/08/2026;;;12;Cartões Zeta (fictícia);Bancos, Financeiras e Administradoras de Cartão;Serviços Financeiros;Assunto;Cobrança / Contestação;Cobrança por serviço/produto não contratado / não reconhecido / não solicitado;Internet;S;S;Finalizada não avaliada;Não Avaliada;
Sudeste;RJ;Rio de Janeiro;M;entre 21 a 30 anos;2026;7;08/07/2026;;;8;Telecom Gama (fictícia);Operadoras de Telecomunicações (Telefonia, Internet, TV por assinatura);Outros;Assunto;Contrato / Oferta;Dificuldade / atraso no cancelamento;Telefone;S;S;Finalizada não avaliada;Não Avaliada;
Sudeste;RJ;Rio de Janeiro;M;entre 41 a 50 anos;2026;1;11/01/2026;;;2;Banco Alfa (fictício);Bancos, Financeiras e Administradoras de Cartão;Serviços Financeiros;Assunto;Contrato / Oferta;Dificuldade para cancelar o cartão;Telefone;S;S;Finalizada avaliada - Não Resolvida;Não Resolvida;1
Sul;RS;Porto Alegre;F;entre 31 a 40 anos;2026;8;02/08/2026;;;7;Operadora Ômega (fictícia);Operadoras de Telecomunicações (Telefonia, Internet, TV por assinatura);Outros;Assunto;Contrato / Oferta;Dificuldade / atraso no cancelamento;Loja física;S;S;Finalizada avaliada - Resolvida;Resolvida;5
Sudeste;RJ;Rio de Janeiro;M;entre 41 a 50 anos;2026;5;13/05/2026;;;9;Telecom Gama (fictícia);Operadoras de Telecomunicações (Telefonia, Internet, TV por assinatura);Outros;Assunto;Vício de Qualidade;Serviço não fornecido / interrompido;Internet;N;S;Finalizada não avaliada;Não Avaliada;
Sudeste;MG;Belo Horizonte;M;entre 31 a 40 anos;2026;6;14/06/2026;;;4;Banco Alfa (fictício);Bancos, Financeiras e Administradoras de Cartão;Serviços Financeiros;Assunto;Cobrança / Contestação;Cobrança por serviço/produto não contratado / não reconhecido / não solicitado;Telefone;S;S;Finalizada avaliada - Resolvida;Resolvida;4
Nordeste;BA;Salvador;M;entre 41 a 50 anos;2026;2;23/02/2026;;;7;Telecom Gama (fictícia);Operadoras de Telecomunicações (Telefonia, Internet, TV por assinatura);Outros;Assunto;Vício de Qualidade;Serviço não fornecido / interrompido;Loja física;S;S;Finalizada avaliada - Resolvida;Resolvida;4
Sudeste;SP;São Paulo;F;entre 21 a 30 anos;2026;2;12/02/2026;;;3;Marketplace Épsilon (fictício);Comércio Eletrônico;Outros;Assunto;Entrega do Produto;Não entrega / demora na entrega do produto;Internet;N;S;Finalizada avaliada - Não Resolvida;Não Resolvida;1
Nordeste;BA;Salvador;M;entre 41 a 50 anos;2026;2;13/02/2026;;;7;Telecom Gama (fictícia);Operadoras de Telecomunicações (Telefonia, Internet, TV por assinatura);Outros;Assunto;Vício de Qualidade;Serviço não fornecido / interrompido;Loja física;N;S;Finalizada avaliada - Não Resolvida;Não Resolvida;2
Sudeste;MG;Belo Horizonte;F;entre 21 a 30 anos;2026;1;18/01/2026;;;6;Marketplace Épsilon (fictício);Comércio Eletrônico;Outros;Assunto;Contrato / Oferta;Dificuldade / atraso na devolução de valores pagos;Loja física;S;S;Finalizada avaliada - Resolvida;Resolvida;4
Sudeste;MG;Belo Horizonte;M;entre 41 a 50 anos;2026;5;09/05/2026;;;8;Banco Alfa (fictício);Bancos, Financeiras e Administradoras de Cartão;Serviços Financeiros;Assunto;Cobrança / Contestação;Cobrança por serviço/produto não contratado / não reconhecido / não solicitado;Loja física;N;S;Finalizada não avaliada;Não Avaliada;
Sudeste;SP;São Paulo;F;entre 41 a 50 anos;2026;6;28/06/2026;;;10;Telecom Gama (fictícia);Operadoras de Telecomunicações (Telefonia, Internet, TV por assinatura);Outros;Assunto;Vício de Qualidade;Serviço não fornecido / interrompido;Loja física;S;S;Finalizada avaliada - Não Resolvida;Não Resolvida;3
Nordeste;BA;Salvador;F;entre 31 a 40 anos;2026;7;16/07/2026;;;9;Telecom Gama (fictícia);Operadoras de Telecomunicações (Telefonia, Internet, TV por assinatura);Outros;Assunto;Vício de Qualidade;Serviço não fornecido / interrompido;Internet;S;S;Finalizada não avaliada;Não Avaliada;
Sudeste;MG;Belo Horizonte;F;entre 31 a 40 anos;2026;5;14/05/2026;;;6;Operadora Ômega (fictícia);Operadoras de Telecomunicações (Telefonia, Internet, TV por assinatura);Outros;Assunto;Cobrança / Contestação;Cobrança indevida / abusiva;Internet;S;S;Finalizada avaliada - Não Resolvida;Não Resolvida;2
Sul;RS;Porto Alegre;F;entre 41 a 50 anos;2026;3;08/03/2026;;;6;Telecom Gama (fictícia);Operadoras de Telecomunicações (Telefonia, Internet, TV por assinatura);Outros;Assunto;Contrato / Oferta;Dificuldade / atraso no cancelamento;Loja física;N;S;Finalizada avaliada - Não Resolvida;Não Resolvida;1
Sul;RS;Porto Alegre;F;entre 41 a 50 anos;2026;3;20/03/2026;;;7;Banco Alfa (fictício);Bancos, Financeiras e Administradoras de Cartão;Serviços Financeiros;Assunto;Atendimento / SAC;Dificuldade de contato / acesso a outros canais;Internet;S;S;Finalizada não avaliada;Não Avaliada;
Sudeste;RJ;Rio de Janeiro;M;entre 31 a 40 anos;2026;1;26/01/2026;;;3;Loja Delta (fictícia);Comércio Eletrônico;Outros;Assunto;Vício de Qualidade;Produto danificado / com defeito;Loja física;S;S;Finalizada avaliada - Resolvida;Resolvida;4
Nordeste;BA;Salvador;M;entre 41 a 50 anos;2026;8;26/08/2026;;;5;Loja Delta (fictícia);Comércio Eletrônico;Outros;Assunto;Entrega do Produto;Não entrega / demora na entrega do produto;Internet;N;S;Finalizada avaliada - Resolvida;Resolvida;5
Sudeste;MG;Belo Horizonte;M;entre 41 a 50 anos;2026;6;17/06/2026;;;4;Marketplace Épsilon (fictício);Comércio Eletrônico;Outros;Assunto;Vício de Qualidade;Produto danificado / com defeito;Telefone;N;S;Finalizada não avaliada;Não Avaliada;
Sudeste;RJ;Rio de Janeiro;M;entre 31 a 40 anos;2026;1;09/01/2026;;;3;Banco Alfa (fictício);Bancos, Financeiras e Administradoras de Cartão;Serviços Financeiros;Assunto;Contrato / Oferta;Dificuldade para cancelar o cartão;Internet;S;S;Finalizada avaliada - Resolvida;Resolvida;4
Sul;RS;Porto Alegre;M;entre 41 a 50 anos;2026;7;19/07/2026;;;4;Marketplace Épsilon (fictício);Comércio Eletrônico;Outros;Assunto;Entrega do Produto;Não entrega / demora na entrega do produto;Telefone;N;S;Finalizada avaliada - Resolvida;Resolvida;4
Sudeste;RJ;Rio de Janeiro;F;entre 21 a 30 anos;2026;6;05/06/2026;;;7;Cartões Zeta (fictícia);Bancos, Financeiras e Administradoras de Cartão;Serviços Financeiros;Assunto;Contrato / Oferta;Dificuldade para cancelar o cartão;Telefone;S;S;Finalizada avaliada - Resolvida;Resolvida;4
Sul;RS;Porto Alegre;F;entre 41 a 50 anos;2026;3;29/03/2026;;;10;Telecom Gama (fictícia);Operadoras de Telecomunicações (Telefonia, Internet, TV por assinatura);Outros;Assunto;Contrato / Oferta;Dificuldade / atraso no cancelamento;Telefone;N;S;Finalizada não avaliada;Não Avaliada;
Sul;RS;Porto Alegre;F;entre 21 a 30 anos;2026;7;18/07/2026;;;3;Telecom Gama (fictícia);Operadoras de Telecomunicações (Telefonia, Internet, TV por assinatura);Outros;Assunto;Cobrança / Contestação;Cobrança indevida / abusiva;Telefone;S;S;Finalizada avaliada - Não Resolvida;Não Resolvida;1
Sudeste;RJ;Rio de Janeiro;F;entre 21 a 30 anos;2026;7;24/07/2026;;;11;Cartões Zeta (fictícia);Bancos, Financeiras e Administradoras de Cartão;Serviços Financeiros;Assunto;Cobrança / Contestação;Cobrança indevida / abusiva;Telefone;N;S;Finalizada avaliada - Não Resolvida;Não Resolvida;1
Nordeste;BA;Salvador;F;entre 21 a 30 anos;2026;3;22/03/2026;;;5;Banco Alfa (fictício);Bancos, Financeiras e Administradoras de Cartão;Serviços Financeiros;Assunto;Cobrança / Contestação;Cobrança indevida / abusiva;Loja física;S;S;Finalizada não avaliada;Não Avaliada;
Sudeste;RJ;Rio de Janeiro;F;entre 21 a 30 anos;2026;7;08/07/2026;;;8;Telecom Gama (fictícia);Operadoras de Telecomunicações (Telefonia, Internet, TV por assinatura);Outros;Assunto;Cobrança / Contestação;Cobrança indevida / abusiva;Internet;S;S;Finalizada não avaliada;Não Avaliada;
Nordeste;BA;Salvador;M;entre 31 a 40 anos;2026;6;07/06/2026;;;6;Marketplace Épsilon (fictício);Comércio Eletrônico;Outros;Assunto;Contrato / Oferta;Dificuldade / atraso na devolução de valores pagos;Telefone;N;S;Finalizada não avaliada;Não Avaliada;
Sul;RS;Porto Alegre;M;entre 41 a 50 anos;2026;5;06/05/2026;;;8;Telecom Gama (fictícia);Operadoras de Telecomunicações (Telefonia, Internet, TV por assinatura);Outros;Assunto;Contrato / Oferta;Dificuldade / atraso no cancelamento;Telefone;N;S;Finalizada avaliada - Não Resolvida;Não Resolvida;1
Sudeste;MG;Belo Horizonte;F;entre 31 a 40 anos;2026;3;30/03/2026;;;3;Marketplace Épsilon (fictício);Comércio Eletrônico;Outros;Assunto;Entrega do Produto;Não entrega / demora na entrega do produto;Loja física;S;S;Finalizada avaliada - Resolvida;Resolvida;4
Nordeste;BA;Salvador;F;entre 41 a 50 anos;2026;5;29/05/2026;;;3;Banco Alfa (fictício);Bancos, Financeiras e Administradoras de Cartão;Serviços Financeiros;Assunto;Cobrança / Contestação;Cobrança indevida / abusiva;Telefone;N;S;Finalizada avaliada - Resolvida;Resolvida;5
Sudeste;RJ;Rio de Janeiro;F;entre 21 a 30 anos;2026;4;18/04/2026;;;9;Banco Alfa (fictício);Bancos, Financeiras e Administradoras de Cartão;Serviços Financeiros;Assunto;Atendimento / SAC;Dificuldade de contato / acesso a outros canais;Loja física;S;S;Finalizada avaliada - Não Resolvida;Não Resolvida;2
Sudeste;RJ;Rio de Janeiro;M;entre 31 a 40 anos;2026;7;28/07/2026;;;5;Marketplace Épsilon (fictício);Comércio Eletrônico;Outros;Assunto;Contrato / Oferta;Dificuldade / atraso na devolução de valores pagos;Internet;S;S;Finalizada avaliada - Resolvida;Resolvida;4
Sudeste;MG;Belo Horizonte;F;entre 31 a 40 anos;2026;5;17/05/2026;;;10;Cartões Zeta (fictícia);Bancos, Financeiras e Administradoras de Cartão;Serviços Financeiros;Assunto;Cobrança / Contestação;Cobrança indevida / abusiva;Loja física;S;S;Finalizada não avaliada;Não Avaliada;
Sudeste;SP;São Paulo;F;entre 41 a 50 anos;2026;2;25/02/2026;;;6;Cartões Zeta (fictícia);Bancos, Financeiras e Administradoras de Cartão;Serviços Financeiros;Assunto;Cobrança / Contestação;Cobrança indevida / abusiva;Loja física;N;S;Finalizada avaliada - Resolvida;Resolvida;5
Sudeste;SP;São Paulo;M;entre 41 a 50 anos;2026;3;31/03/2026;;;3;Fintech Beta (fictícia);Bancos, Financeiras e Administradoras de Cartão;Serviços Financeiros;Assunto;Atendimento / SAC;Dificuldade de contato / acesso a outros canais;Loja física;S;S;Finalizada não avaliada;Não Avaliada;
Sul;RS;Porto Alegre;F;entre 41 a 50 anos;2026;3;25/03/2026;;;2;Marketplace Épsilon (fictício);Comércio Eletrônico;Outros;Assunto;Vício de Qualidade;Produto danificado / com defeito;Telefone;N;S;Finalizada não avaliada;Não Avaliada;
Sudeste;RJ;Rio de Janeiro;M;entre 21 a 30 anos;2026;6;13/06/2026;;;7;Operadora Ômega (fictícia);Operadoras de Telecomunicações (Telefonia, Internet, TV por assinatura);Outros;Assunto;Cobrança / Contestação;Cobrança indevida / abusiva;Internet;N;S;Finalizada avaliada - Não Resolvida;Não Resolvida;3
Sul;RS;Porto Alegre;F;entre 31 a 40 anos;2026;7;01/07/2026;;;2;Fintech Beta (fictícia);Bancos, Financeiras e Administradoras de Cartão;Serviços Financeiros;Assunto;Contrato / Oferta;Dificuldade para cancelar o cartão;Internet;S;S;Finalizada avaliada - Não Resolvida;Não Resolvida;2
Sudeste;RJ;Rio de Janeiro;M;entre 21 a 30 anos;2026;6;19/06/2026;;;3;Loja Delta (fictícia);Comércio Eletrônico;Outros;Assunto;Entrega do Produto;Não entrega / demora na entrega do produto;Internet;N;S;Finalizada não avaliada;Não Avaliada;
Nordeste;BA;Salvador;M;entre 31 a 40 anos;2026;5;21/05/2026;;;6;Banco Alfa (fictício);Bancos, Financeiras e Administradoras de Cartão;Serviços Financeiros;Assunto;Cobrança / Contestação;Cobrança por serviço/produto não contratado / não reconhecido / não solicitado;Loja física;S;S;Finalizada não avaliada;Não Avaliada;
Sul;RS;Porto Alegre;M;entre 21 a 30 anos;2026;2;28/02/2026;;;4;Banco Alfa (fictício);Bancos, Financeiras e Administradoras de Cartão;Serviços Financeiros;Assunto;Atendimento / SAC;Dificuldade de contato / acesso a outros canais;Internet;N;S;Finalizada avaliada - Resolvida;Resolvida;4
Nordeste;BA;Salvador;F;entre 41 a 50 anos;2026;4;30/04/2026;;;;Loja Delta (fictícia);Comércio Eletrônico;Outros;Assunto;Vício de Qualidade;Produto danificado / com defeito;Telefone;S;N;Finalizada não avaliada;Não Avaliada;
Sudeste;MG;Belo Horizonte;F;entre 41 a 50 anos;2026;2;15/02/2026;;;2;Marketplace Épsilon (fictício);Comércio Eletrônico;Outros;Assunto;Contrato / Oferta;Dificuldade / atraso na devolução de valores pagos;Loja física;N;S;Finalizada não avaliada;Não Avaliada;
Sudeste;MG;Belo Horizonte;M;entre 31 a 40 anos;2026;2;28/02/2026;;;6;Marketplace Épsilon (fictício);Comércio Eletrônico;Outros;Assunto;Vício de Qualidade;Produto danificado / com defeito;Internet;S;S;Finalizada avaliada - Resolvida;Resolvida;5
Sul;RS;Porto Alegre;F;entre 31 a 40 anos;2026;3;15/03/2026;;;13;Telecom Gama (fictícia);Operadoras de Telecomunicações (Telefonia, Internet, TV por assinatura);Outros;Assunto;Cobrança / Contestação;Cobrança indevida / abusiva;Internet;N;S;Finalizada não avaliada;Não Avaliada;
Sudeste;RJ;Rio de Janeiro;F;entre 21 a 30 anos;2026;7;23/07/2026;;;4;Loja Delta (fictícia);Comércio Eletrônico;Outros;Assunto;Contrato / Oferta;Dificuldade / atraso na devolução de valores pagos;Internet;N;S;Finalizada avaliada - Resolvida;Resolvida;5
Sul;RS;Porto Alegre;F;entre 31 a 40 anos;2026;1;21/01/2026;;;4;Loja Delta (fictícia);Comércio Eletrônico;Outros;Assunto;Entrega do Produto;Não entrega / demora na entrega do produto;Loja física;N;S;Finalizada não avaliada;Não Avaliada;
Sudeste;RJ;Rio de Janeiro;F;entre 21 a 30 anos;2026;2;04/02/2026;;;12;Cartões Zeta (fictícia);Bancos, Financeiras e Administradoras de Cartão;Serviços Financeiros;Assunto;Cobrança / Contestação;Cobrança por serviço/produto não contratado / não reconhecido / não solicitado;Telefone;S;S;Finalizada avaliada - Não Resolvida;Não Resolvida;2
Sudeste;RJ;Rio de Janeiro;F;entre 21 a 30 anos;2026;1;27/01/2026;;;8;Banco Alfa (fictício);Bancos, Financeiras e Administradoras de Cartão;Serviços Financeiros;Assunto;Cobrança / Contestação;Cobrança por serviço/produto não contratado / não reconhecido / não solicitado;Telefone;N;S;Finalizada avaliada - Resolvida;Resolvida;4
Sul;RS;Porto Alegre;M;entre 31 a 40 anos;2026;4;29/04/2026;;;5;Fintech Beta (fictícia);Bancos, Financeiras e Administradoras de Cartão;Serviços Financeiros;Assunto;Atendimento / SAC;Dificuldade de contato / acesso a outros canais;Telefone;S;S;Finalizada avaliada - Resolvida;Resolvida;4
Sudeste;RJ;Rio de Janeiro;F;entre 31 a 40 anos;2026;8;18/08/2026;;;10;Telecom Gama (fictícia);Operadoras de Telecomunicações (Telefonia, Internet, TV por assinatura);Outros;Assunto;Cobrança / Contestação;Cobrança indevida / abusiva;Internet;S;S;Finalizada avaliada - Não Resolvida;Não Resolvida;1
Sudeste;MG;Belo Horizonte;F;entre 31 a 40 anos;2026;6;20/06/2026;;;;Fintech Beta (fictícia);Bancos, Financeiras e Administradoras de Cartão;Serviços Financeiros;Assunto;Cobrança / Contestação;Cobrança por serviço/produto não contratado / não reconhecido / não solicitado;Loja física;N;N;Finalizada não avaliada;Não Avaliada;
Sudeste;SP;São Paulo;M;entre 31 a 40 anos;2026;7;10/07/2026;;;2;Marketplace Épsilon (fictício);Comércio Eletrônico;Outros;Assunto;Entrega do Produto;Não entrega / demora na entrega do produto;Internet;S;S;Finalizada avaliada - Resolvida;Resolvida;5
Nordeste;BA;Salvador;F;entre 41 a 50 anos;2026;3;25/03/2026;;;6;Marketplace Épsilon (fictício);Comércio Eletrônico;Outros;Assunto;Entrega do Produto;Não entrega / demora na entrega do produto;Loja física;S;S;Finalizada avaliada - Resolvida;Resolvida;4
Sudeste;RJ;Rio de Janeiro;M;entre 31 a 40 anos;2026;2;10/02/2026;;;6;Cartões Zeta (fictícia);Bancos, Financeiras e Administradoras de Cartão;Serviços Financeiros;Assunto;Cobrança / Contestação;Cobrança por serviço/produto não contratado / não reconhecido / não solicitado;Loja física;S;S;Finalizada avaliada - Resolvida;Resolvida;4
Sudeste;RJ;Rio de Janeiro;F;entre 41 a 50 anos;2026;5;05/05/2026;;;11;Operadora Ômega (fictícia);Operadoras de Telecomunicações (Telefonia, Internet, TV por assinatura);Outros;Assunto;Cobrança / Contestação;Cobrança indevida / abusiva;Internet;S;S;Finalizada não avaliada;Não Avaliada;
Sudeste;RJ;Rio de Janeiro;F;entre 21 a 30 anos;2026;3;06/03/2026;;;7;Operadora Ômega (fictícia);Operadoras de Telecomunicações (Telefonia, Internet, TV por assinatura);Outros;Assunto;Vício de Qualidade;Serviço não fornecido / interrompido;Loja física;S;S;Finalizada avaliada - Resolvida;Resolvida;5
Nordeste;BA;Salvador;F;entre 31 a 40 anos;2026;3;12/03/2026;;;5;Telecom Gama (fictícia);Operadoras de Telecomunicações (Telefonia, Internet, TV por assinatura);Outros;Assunto;Vício de Qualidade;Serviço não fornecido / interrompido;Loja física;N;S;Finalizada avaliada - Resolvida;Resolvida;5
Sudeste;MG;Belo Horizonte;F;entre 41 a 50 anos;2026;4;08/04/2026;;;6;Telecom Gama (fictícia);Operadoras de Telecomunicações (Telefonia, Internet, TV por assinatura);Outros;Assunto;Contrato / Oferta;Dificuldade / atraso no cancelamento;Internet;N;S;Finalizada não avaliada;Não Avaliada;
Sudeste;MG;Belo Horizonte;F;entre 41 a 50 anos;2026;7;29/07/2026;;;5;Operadora Ômega (fictícia);Operadoras de Telecomunicações (Telefonia, Internet, TV por assinatura);Outros;Assunto;Contrato / Oferta;Dificuldade / atraso no cancelamento;Telefone;S;S;Finalizada avaliada - Resolvida;Resolvida;5
Sudeste;SP;São Paulo;F;entre 21 a 30 anos;2026;8;02/08/2026;;;6;Banco Alfa (fictício);Bancos, Financeiras e Administradoras de Cartão;Serviços Financeiros;Assunto;Cobrança / Contestação;Cobrança por serviço/produto não contratado / não reconhecido / não solicitado;Internet;S;S;Finalizada avaliada - Resolvida;Resolvida;4
Nordeste;BA;Salvador;M;entre 41 a 50 anos;2026;5;15/05/2026;;;7;Telecom Gama (fictícia);Operadoras de Telecomunicações (Telefonia, Internet, TV por assinatura);Outros;Assunto;Vício de Qualidade;Serviço não fornecido / interrompido;Telefone;S;S;Finalizada avaliada - Não Resolvida;Não Resolvida;1
Sudeste;SP;São Paulo;F;entre 31 a 40 anos;2026;4;03/04/2026;;;8;Telecom Gama (fictícia);Operadoras de Telecomunicações (Telefonia, Internet, TV por assinatura);Outros;Assunto;Contrato / Oferta;Dificuldade / atraso no cancelamento;Loja física;S;S;Finalizada não avaliada;Não Avaliada;
Sudeste;MG;Belo Horizonte;M;entre 41 a 50 anos;2026;1;11/01/2026;;;4;Loja Delta (fictícia);Comércio Eletrônico;Outros;Assunto;Vício de Qualidade;Produto danificado / com defeito;Telefone;S;S;Finalizada avaliada - Resolvida;Resolvida;4
Sudeste;MG;Belo Horizonte;F;entre 41 a 50 anos;2026;6;10/06/2026;;;2;Fintech Beta (fictícia);Bancos, Financeiras e Administradoras de Cartão;Serviços Financeiros;Assunto;Cobrança / Contestação;Cobrança indevida / abusiva;Telefone;N;S;Finalizada avaliada - Resolvida;Resolvida;4
Sudeste;RJ;Rio de Janeiro;F;entre 31 a 40 anos;2026;5;21/05/2026;;;3;Loja Delta (fictícia);Comércio Eletrônico;Outros;Assunto;Entrega do Produto;Não entrega / demora na entrega do produto;Telefone;N;S;Finalizada não avaliada;Não Avaliada;
Nordeste;BA;Salvador;F;entre 41 a 50 anos;2026;7;31/07/2026;;;5;Loja Delta (fictícia);Comércio Eletrônico;Outros;Assunto;Vício de Qualidade;Produto danificado / com defeito;Loja física;N;S;Finalizada avaliada - Resolvida;Resolvida;4
Nordeste;BA;Salvador;M;entre 31 a 40 anos;2026;4;12/04/2026;;;11;Cartões Zeta (fictícia);Bancos, Financeiras e Administradoras de Cartão;Serviços Financeiros;Assunto;Atendimento / SAC;Dificuldade de contato / acesso a outros canais;Internet;S;S;Finalizada avaliada - Resolvida;Resolvida;5
Sul;RS;Porto Alegre;M;entre 21 a 30 anos;2026;8;24/08/2026;;;4;Loja Delta (fictícia);Comércio Eletrônico;Outros;Assunto;Entrega do Produto;Não entrega / demora na entrega do produto;Telefone;N;S;Finalizada avaliada - Não Resolvida;Não Resolvida;1
Sul;RS;Porto Alegre;M;entre 41 a 50 anos;2026;8;16/08/2026;;;6;Banco Alfa (fictício);Bancos, Financeiras e Administradoras de Cartão;Serviços Financeiros;Assunto;Contrato / Oferta;Dificuldade para cancelar o cartão;Telefone;N;S;Finalizada avaliada - Resolvida;Resolvida;4
Sudeste;MG;Belo Horizonte;F;entre 21 a 30 anos;2026;6;14/06/2026;;;10;Banco Alfa (fictício);Bancos, Financeiras e Administradoras de Cartão;Serviços Financeiros;Assunto;Cobrança / Contestação;Cobrança por serviço/produto não contratado / não reconhecido / não solicitado;Internet;N;S;Finalizada não avaliada;Não Avaliada;
Nordeste;BA;Salvador;F;entre 21 a 30 anos;2026;8;27/08/2026;;;10;Cartões Zeta (fictícia);Bancos, Financeiras e Administradoras de Cartão;Serviços Financeiros;Assunto;Atendimento / SAC;Dificuldade de contato / acesso a outros canais;Telefone;S;S;Finalizada avaliada - Não Resolvida;Não Resolvida;1
Sul;RS;Porto Alegre;F;entre 41 a 50 anos;2026;5;09/05/2026;;;2;Fintech Beta (fictícia);Bancos, Financeiras e Administradoras de Cartão;Serviços Financeiros;Assunto;Cobrança / Contestação;Cobrança indevida / abusiva;Loja física;S;S;Finalizada avaliada - Resolvida;Resolvida;5
Nordeste;BA;Salvador;F;entre 41 a 50 anos;2026;2;07/02/2026;;;5;Fintech Beta (fictícia);Bancos, Financeiras e Administradoras de Cartão;Serviços Financeiros;Assunto;Contrato / Oferta;Dificuldade para cancelar o cartão;Telefone;S;S;Finalizada avaliada - Resolvida;Resolvida;4
Sudeste;MG;Belo Horizonte;M;entre 21 a 30 anos;2026;2;20/02/2026;;;5;Loja Delta (fictícia);Comércio Eletrônico;Outros;Assunto;Vício de Qualidade;Produto danificado / com defeito;Telefone;N;S;Finalizada avaliada - Resolvida;Resolvida;4
Sudeste;SP;São Paulo;M;entre 31 a 40 anos;2026;6;21/06/2026;;;2;Fintech Beta (fictícia);Bancos, Financeiras e Administradoras de Cartão;Serviços Financeiros;Assunto;Cobrança / Contestação;Cobrança por serviço/produto não contratado / não reconhecido / não solicitado;Loja física;N;S;Finalizada avaliada - Resolvida;Resolvida;5
Sudeste;SP;São Paulo;M;entre 41 a 50 anos;2026;8;25/08/2026;;;8;Operadora Ômega (fictícia);Operadoras de Telecomunicações (Telefonia, Internet, TV por assinatura);Outros;Assunto;Vício de Qualidade;Serviço não fornecido / interrompido;Internet;S;S;Finalizada avaliada - Resolvida;Resolvida;4
Sul;RS;Porto Alegre;M;entre 41 a 50 anos;2026;1;04/01/2026;;;6;Marketplace Épsilon (fictício);Comércio Eletrônico;Outros;Assunto;Entrega do Produto;Não entrega / demora na entrega do produto;Loja física;N;S;Finalizada avaliada - Resolvida;Resolvida;4
Sudeste;RJ;Rio de Janeiro;F;entre 21 a 30 anos;2026;6;27/06/2026;;;6;Telecom Gama (fictícia);Operadoras de Telecomunicações (Telefonia, Internet, TV por assinatura);Outros;Assunto;Contrato / Oferta;Dificuldade / atraso no cancelamento;Internet;N;S;Finalizada avaliada - Não Resolvida;Não Resolvida;1
Sudeste;SP;São Paulo;M;entre 21 a 30 anos;2026;4;30/04/2026;;;5;Fintech Beta (fictícia);Bancos, Financeiras e Administradoras de Cartão;Serviços Financeiros;Assunto;Contrato / Oferta;Dificuldade para cancelar o cartão;Telefone;N;S;Finalizada avaliada - Não Resolvida;Não Resolvida;2
Sudeste;MG;Belo Horizonte;M;entre 21 a 30 anos;2026;7;01/07/2026;;;3;Fintech Beta (fictícia);Bancos, Financeiras e Administradoras de Cartão;Serviços Financeiros;Assunto;Atendimento / SAC;Dificuldade de contato / acesso a outros canais;Loja física;N;S;Finalizada avaliada - Não Resolvida;Não Resolvida;1
Sudeste;SP;São Paulo;F;entre 31 a 40 anos;2026;1;11/01/2026;;;6;Telecom Gama (fictícia);Operadoras de Telecomunicações (Telefonia, Internet, TV por assinatura);Outros;Assunto;Contrato / Oferta;Dificuldade / atraso no cancelamento;Loja física;N;S;Finalizada avaliada - Resolvida;Resolvida;5
Sudeste;SP;São Paulo;F;entre 21 a 30 anos;2026;6;10/06/2026;;;3;Fintech Beta (fictícia);Bancos, Financeiras e Administradoras de Cartão;Serviços Financeiros;Assunto;Contrato / Oferta;Dificuldade para cancelar o cartão;Internet;N;S;Finalizada avaliada - Não Resolvida;Não Resolvida;1
Sudeste;RJ;Rio de Janeiro;M;entre 31 a 40 anos;2026;1;23/01/2026;;;2;Marketplace Épsilon (fictício);Comércio Eletrônico;Outros;Assunto;Contrato / Oferta;Dificuldade / atraso na devolução de valores pagos;Internet;S;S;Finalizada não avaliada;Não Avaliada;
Sudeste;MG;Belo Horizonte;M;entre 31 a 40 anos;2026;3;26/03/2026;;;8;Telecom Gama (fictícia);Operadoras de Telecomunicações (Telefonia, Internet, TV por assinatura);Outros;Assunto;Vício de Qualidade;Serviço não fornecido / interrompido;Loja física;S;S;Finalizada avaliada - Não Resolvida;Não Resolvida;1
Sudeste;MG;Belo Horizonte;M;entre 31 a 40 anos;2026;8;23/08/2026;;;10;Telecom Gama (fictícia);Operadoras de Telecomunicações (Telefonia, Internet, TV por assinatura);Outros;Assunto;Cobrança / Contestação;Cobrança indevida / abusiva;Internet;S;S;Finalizada não avaliada;Não Avaliada;
Nordeste;BA;Salvador;F;entre 21 a 30 anos;2026;3;19/03/2026;;;5;Loja Delta (fictícia);Comércio Eletrônico;Outros;Assunto;Vício de Qualidade;Produto danificado / com defeito;Internet;S;S;Finalizada não avaliada;Não Avaliada;
Sudeste;MG;Belo Horizonte;M;entre 41 a 50 anos;2026;6;07/06/2026;;;5;Banco Alfa (fictício);Bancos, Financeiras e Administradoras de Cartão;Serviços Financeiros;Assunto;Cobrança / Contestação;Cobrança por serviço/produto não contratado / não reconhecido / não solicitado;Telefone;S;S;Finalizada avaliada - Resolvida;Resolvida;5
Nordeste;BA;Salvador;M;entre 21 a 30 anos;2026;7;02/07/2026;;;7;Telecom Gama (fictícia);Operadoras de Telecomunicações (Telefonia, Internet, TV por assinatura);Outros;Assunto;Contrato / Oferta;Dificuldade / atraso no cancelamento;Internet;S;S;Finalizada avaliada - Resolvida;Resolvida;5
Sul;RS;Porto Alegre;F;entre 41 a 50 anos;2026;4;16/04/2026;;;5;Banco Alfa (fictício);Bancos, Financeiras e Administradoras de Cartão;Serviços Financeiros;Assunto;Cobrança / Contestação;Cobrança por serviço/produto não contratado / não reconhecido / não solicitado;Telefone;N;S;Finalizada avaliada - Resolvida;Resolvida;5
Nordeste;BA;Salvador;F;entre 41 a 50 anos;2026;7;18/07/2026;;;4;Marketplace Épsilon (fictício);Comércio Eletrônico;Outros;Assunto;Vício de Qualidade;Produto danificado / com defeito;Telefone;N;S;Finalizada não avaliada;Não Avaliada;
Sudeste;MG;Belo Horizonte;M;entre 21 a 30 anos;2026;6;02/06/2026;;;6;Telecom Gama (fictícia);Operadoras de Telecomunicações (Telefonia, Internet, TV por assinatura);Outros;Assunto;Contrato / Oferta;Dificuldade / atraso no cancelamento;Loja física;N;S;Finalizada avaliada - Resolvida;Resolvida;5
Sudeste;MG;Belo Horizonte;F;entre 31 a 40 anos;2026;4;10/04/2026;;;3;Marketplace Épsilon (fictício);Comércio Eletrônico;Outros;Assunto;Entrega do Produto;Não entrega / demora na entrega do produto;Telefone;N;S;Finalizada avaliada - Resolvida;Resolvida;5
Sul;RS;Porto Alegre;M;entre 21 a 30 anos;2026;6;06/06/2026;;;6;Telecom Gama (fictícia);Operadoras de Telecomunicações (Telefonia, Internet, TV por assinatura);Outros;Assunto;Vício de Qualidade;Serviço não fornecido / interrompido;Loja física;S;S;Finalizada avaliada - Não Resolvida;Não Resolvida;1
Nordeste;BA;Salvador;F;entre 21 a 30 anos;2026;1;07/01/2026;;;5;Cartões Zeta (fictícia);Bancos, Financeiras e Administradoras de Cartão;Serviços Financeiros;Assunto;Contrato / Oferta;Dificuldade para cancelar o cartão;Telefone;N;S;Finalizada avaliada - Não Resolvida;Não Resolvida;1
Sudeste;RJ;Rio de Janeiro;M;entre 31 a 40 anos;2026;7;03/07/2026;;;10;Operadora Ômega (fictícia);Operadoras de Telecomunicações (Telefonia, Internet, TV por assinatura);Outros;Assunto;Contrato / Oferta;Dificuldade / atraso no cancelamento;Loja física;N;S;Finalizada avaliada - Resolvida;Resolvida;5
Sul;RS;Porto Alegre;M;entre 21 a 30 anos;2026;5;25/05/2026;;;8;Banco Alfa (fictício);Bancos, Financeiras e Administradoras de Cartão;Serviços Financeiros;Assunto;Cobrança / Contestação;Cobrança indevida / abusiva;Internet;S;S;Finalizada não avaliada;Não Avaliada;
Nordeste;BA;Salvador;M;entre 31 a 40 anos;2026;3;15/03/2026;;;10;Cartões Zeta (fictícia);Bancos, Financeiras e Administradoras de Cartão;Serviços Financeiros;Assunto;Contrato / Oferta;Dificuldade para cancelar o cartão;Telefone;N;S;Finalizada avaliada - Não Resolvida;Não Resolvida;2
Sudeste;MG;Belo Horizonte;F;entre 31 a 40 anos;2026;8;14/08/2026;;;9;Telecom Gama (fictícia);Operadoras de Telecomunicações (Telefonia, Internet, TV por assinatura);Outros;Assunto;Cobrança / Contestação;Cobrança indevida / abusiva;Internet;S;S;Finalizada avaliada - Não Resolvida;Não Resolvida;3
Sudeste;MG;Belo Horizonte;M;entre 21 a 30 anos;2026;6;10/06/2026;;;3;Fintech Beta (fictícia);Bancos, Financeiras e Administradoras de Cartão;Serviços Financeiros;Assunto;Contrato / Oferta;Dificuldade para cancelar o cartão;Loja física;N;S;Finalizada avaliada - Resolvida;Resolvida;4
Sudeste;SP;São Paulo;F;entre 41 a 50 anos;2026;1;28/01/2026;;;2;Fintech Beta (fictícia);Bancos, Financeiras e Administradoras de Cartão;Serviços Financeiros;Assunto;Cobrança / Contestação;Cobrança por serviço/produto não contratado / não reconhecido / não solicitado;Loja física;N;S;Finalizada avaliada - Resolvida;Resolvida;4
Sul;RS;Porto Alegre;F;entre 21 a 30 anos;2026;3;24/03/2026;;;4;Marketplace Épsilon (fictício);Comércio Eletrônico;Outros;Assunto;Entrega do Produto;Não entrega / demora na entrega do produto;Internet;N;S;Finalizada avaliada - Resolvida;Resolvida;5
Sudeste;MG;Belo Horizonte;F;entre 41 a 50 anos;2026;2;23/02/2026;;;4;Fintech Beta (fictícia);Bancos, Financeiras e Administradoras de Cartão;Serviços Financeiros;Assunto;Atendimento / SAC;Dificuldade de contato / acesso a outros canais;Loja física;N;S;Finalizada avaliada - Resolvida;Resolvida;4
Sul;RS;Porto Alegre;F;entre 21 a 30 anos;2026;5;15/05/2026;;;5;Telecom Gama (fictícia);Operadoras de Telecomunicações (Telefonia, Internet, TV por assinatura);Outros;Assunto;Vício de Qualidade;Serviço não fornecido / interrompido;Loja física;S;S;Finalizada avaliada - Resolvida;Resolvida;5
Sudeste;SP;São Paulo;F;entre 31 a 40 anos;2026;1;31/01/2026;;;4;Operadora Ômega (fictícia);Operadoras de Telecomunicações (Telefonia, Internet, TV por assinatura);Outros;Assunto;Cobrança / Contestação;Cobrança indevida / abusiva;Internet;N;S;Finalizada avaliada - Resolvida;Resolvida;4
Sudeste;SP;São Paulo;M;entre 21 a 30 anos;2026;6;13/06/2026;;;8;Cartões Zeta (fictícia);Bancos, Financeiras e Administradoras de Cartão;Serviços Financeiros;Assunto;Cobrança / Contestação;Cobrança indevida / abusiva;Loja física;N;S;Finalizada avaliada - Não Resolvida;Não Resolvida;2
Sudeste;RJ;Rio de Janeiro;M;entre 41 a 50 anos;2026;2;19/02/2026;;;6;Fintech Beta (fictícia);Bancos, Financeiras e Administradoras de Cartão;Serviços Financeiros;Assunto;Cobrança / Contestação;Cobrança por serviço/produto não contratado / não reconhecido / não solicitado;Internet;N;S;Finalizada avaliada - Resolvida;Resolvida;5
Sudeste;MG;Belo Horizonte;F;entre 41 a 50 anos;2026;8;18/08/2026;;;6;Banco Alfa (fictício);Bancos, Financeiras e Administradoras de Cartão;Serviços Financeiros;Assunto;Atendimento / SAC;Dificuldade de contato / acesso a outros canais;Loja física;N;S;Finalizada não avaliada;Não Avaliada;
Sudeste;RJ;Rio de Janeiro;F;entre 21 a 30 anos;2026;5;28/05/2026;;;6;Telecom Gama (fictícia);Operadoras de Telecomunicações (Telefonia, Internet, TV por assinatura);Outros;Assunto;Cobrança / Contestação;Cobrança indevida / abusiva;Internet;N;S;Finalizada não avaliada;Não Avaliada;
Nordeste;BA;Salvador;F;entre 41 a 50 anos;2026;6;10/06/2026;;;5;Loja Delta (fictícia);Comércio Eletrônico;Outros;Assunto;Vício de Qualidade;Produto danificado / com defeito;Internet;N;S;Finalizada avaliada - Resolvida;Resolvida;5
Sudeste;RJ;Rio de Janeiro;M;entre 41 a 50 anos;2026;4;06/04/2026;;;11;Cartões Zeta (fictícia);Bancos, Financeiras e Administradoras de Cartão;Serviços Financeiros;Assunto;Atendimento / SAC;Dificuldade de contato / acesso a outros canais;Telefone;S;S;Finalizada não avaliada;Não Avaliada;
Sudeste;RJ;Rio de Janeiro;M;entre 21 a 30 anos;2026;8;22/08/2026;;;2;Banco Alfa (fictício);Bancos, Financeiras e Administradoras de Cartão;Serviços Financeiros;Assunto;Cobrança / Contestação;Cobrança por serviço/produto não contratado / não reconhecido / não solicitado;Telefone;N;S;Finalizada não avaliada;Não Avaliada;
Sul;RS;Porto Alegre;M;entre 41 a 50 anos;2026;7;18/07/2026;;;4;Loja Delta (fictícia);Comércio Eletrônico;Outros;Assunto;Contrato / Oferta;Dificuldade / atraso na devolução de valores pagos;Loja física;S;S;Finalizada não avaliada;Não Avaliada;
Nordeste;BA;Salvador;M;entre 31 a 40 anos;2026;4;10/04/2026;;;3;Fintech Beta (fictícia);Bancos, Financeiras e Administradoras de Cartão;Serviços Financeiros;Assunto;Cobrança / Contestação;Cobrança por serviço/produto não contratado / não reconhecido / não solicitado;Telefone;S;S;Finalizada não avaliada;Não Avaliada;
Sudeste;SP;São Paulo;M;entre 31 a 40 anos;2026;5;28/05/2026;;;6;Banco Alfa (fictício);Bancos, Financeiras e Administradoras de Cartão;Serviços Financeiros;Assunto;Contrato / Oferta;Dificuldade para cancelar o cartão;Telefone;N;S;Finalizada avaliada - Resolvida;Resolvida;4
Sudeste;SP;São Paulo;F;entre 41 a 50 anos;2026;3;11/03/2026;;;4;Loja Delta (fictícia);Comércio Eletrônico;Outros;Assunto;Contrato / Oferta;Dificuldade / atraso na devolução de valores pagos;Telefone;N;S;Finalizada avaliada - Resolvida;Resolvida;4
Sudeste;MG;Belo Horizonte;M;entre 21 a 30 anos;2026;3;04/03/2026;;;6;Banco Alfa (fictício);Bancos, Financeiras e Administradoras de Cartão;Serviços Financeiros;Assunto;Contrato / Oferta;Dificuldade para cancelar o cartão;Internet;N;S;Finalizada avaliada - Não Resolvida;Não Resolvida;3
Sudeste;SP;São Paulo;F;entre 31 a 40 anos;2026;4;09/04/2026;;;4;Marketplace Épsilon (fictício);Comércio Eletrônico;Outros;Assunto;Entrega do Produto;Não entrega / demora na entrega do produto;Telefone;S;S;Finalizada avaliada - Resolvida;Resolvida;5
Sudeste;MG;Belo Horizonte;F;entre 41 a 50 anos;2026;1;21/01/2026;;;;Operadora Ômega (fictícia);Operadoras de Telecomunicações (Telefonia, Internet, TV por assinatura);Outros;Assunto;Contrato / Oferta;Dificuldade / atraso no cancelamento;Internet;S;N;Finalizada não avaliada;Não Avaliada;
Nordeste;BA;Salvador;F;entre 21 a 30 anos;2026;1;25/01/2026;;;5;Loja Delta (fictícia);Comércio Eletrônico;Outros;Assunto;Contrato / Oferta;Dificuldade / atraso na devolução de valores pagos;Internet;S;S;Finalizada avaliada - Resolvida;Resolvida;5
Sul;RS;Porto Alegre;F;entre 31 a 40 anos;2026;8;22/08/2026;;;6;Loja Delta (fictícia);Comércio Eletrônico;Outros;Assunto;Contrato / Oferta;Dificuldade / atraso na devolução de valores pagos;Internet;S;S;Finalizada avaliada - Não Resolvida;Não Resolvida;2
Nordeste;BA;Salvador;M;entre 31 a 40 anos;2026;4;29/04/2026;;;12;Telecom Gama (fictícia);Operadoras de Telecomunicações (Telefonia, Internet, TV por assinatura);Outros;Assunto;Vício de Qualidade;Serviço não fornecido / interrompido;Loja física;S;S;Finalizada avaliada - Resolvida;Resolvida;4
Sul;RS;Porto Alegre;F;entre 21 a 30 anos;2026;5;17/05/2026;;;2;Fintech Beta (fictícia);Bancos, Financeiras e Administradoras de Cartão;Serviços Financeiros;Assunto;Cobrança / Contestação;Cobrança por serviço/produto não contratado / não reconhecido / não solicitado;Telefone;S;S;Finalizada avaliada - Resolvida;Resolvida;5
Nordeste;BA;Salvador;F;entre 41 a 50 anos;2026;7;20/07/2026;;;;Loja Delta (fictícia);Comércio Eletrônico;Outros;Assunto;Contrato / Oferta;Dificuldade / atraso na devolução de valores pagos;Loja física;S;N;Finalizada não avaliada;Não Avaliada;
Sudeste;MG;Belo Horizonte;F;entre 21 a 30 anos;2026;8;03/08/2026;;;5;Banco Alfa (fictício);Bancos, Financeiras e Administradoras de Cartão;Serviços Financeiros;Assunto;Cobrança / Contestação;Cobrança por serviço/produto não contratado / não reconhecido / não solicitado;Telefone;N;S;Finalizada avaliada - Resolvida;Resolvida;4
Sudeste;MG;Belo Horizonte;M;entre 21 a 30 anos;2026;7;17/07/2026;;;5;Banco Alfa (fictício);Bancos, Financeiras e Administradoras de Cartão;Serviços Financeiros;Assunto;Cobrança / Contestação;Cobrança por serviço/produto não contratado / não reconhecido / não solicitado;Loja física;S;S;Finalizada avaliada - Resolvida;Resolvida;4
Nordeste;BA;Salvador;F;entre 41 a 50 anos;2026;6;07/06/2026;;;11;Telecom Gama (fictícia);Operadoras de Telecomunicações (Telefonia, Internet, TV por assinatura);Outros;Assunto;Vício de Qualidade;Serviço não fornecido / interrompido;Loja física;N;S;Finalizada avaliada - Não Resolvida;Não Resolvida;2
Sul;RS;Porto Alegre;F;entre 21 a 30 anos;2026;1;23/01/2026;;;3;Marketplace Épsilon (fictício);Comércio Eletrônico;Outros;Assunto;Vício de Qualidade;Produto danificado / com defeito;Telefone;S;S;Finalizada não avaliada;Não Avaliada;
Sudeste;SP;São Paulo;F;entre 41 a 50 anos;2026;8;09/08/2026;;;4;Banco Alfa (fictício);Bancos, Financeiras e Administradoras de Cartão;Serviços Financeiros;Assunto;Contrato / Oferta;Dificuldade para cancelar o cartão;Telefone;N;S;Finalizada avaliada - Resolvida;Resolvida;5
Sudeste;RJ;Rio de Janeiro;M;entre 21 a 30 anos;2026;5;02/05/2026;;;5;Cartões Zeta (fictícia);Bancos, Financeiras e Administradoras de Cartão;Serviços Financeiros;Assunto;Cobrança / Contestação;Cobrança indevida / abusiva;Internet;S;S;Finalizada avaliada - Resolvida;Resolvida;5
Nordeste;BA;Salvador;M;entre 21 a 30 anos;2026;6;18/06/2026;;;6;Operadora Ômega (fictícia);Operadoras de Telecomunicações (Telefonia, Internet, TV por assinatura);Outros;Assunto;Cobrança / Contestação;Cobrança indevida / abusiva;Loja física;N;S;Finalizada não avaliada;Não Avaliada;
Sudeste;MG;Belo Horizonte;M;entre 21 a 30 anos;2026;8;27/08/2026;;;5;Loja Delta (fictícia);Comércio Eletrônico;Outros;Assunto;Contrato / Oferta;Dificuldade / atraso na devolução de valores pagos;Telefone;S;S;Finalizada avaliada - Resolvida;Resolvida;5
Sudeste;RJ;Rio de Janeiro;M;entre 21 a 30 anos;2026;7;02/07/2026;;;10;Telecom Gama (fictícia);Operadoras de Telecomunicações (Telefonia, Internet, TV por assinatura);Outros;Assunto;Contrato / Oferta;Dificuldade / atraso no cancelamento;Loja física;N;S;Finalizada avaliada - Resolvida;Resolvida;5
Sudeste;MG;Belo Horizonte;F;entre 41 a 50 anos;2026;5;04/05/2026;;;10;Operadora Ômega (fictícia);Operadoras de Telecomunicações (Telefonia, Internet, TV por assinatura);Outros;Assunto;Cobrança / Contestação;Cobrança indevida / abusiva;Internet;S;S;Finalizada avaliada - Não Resolvida;Não Resolvida;2
Sudeste;MG;Belo Horizonte;F;entre 31 a 40 anos;2026;7;24/07/2026;;;5;Fintech Beta (fictícia);Bancos, Financeiras e Administradoras de Cartão;Serviços Financeiros;Assunto;Cobrança / Contestação;Cobrança por serviço/produto não contratado / não reconhecido / não solicitado;Loja física;N;S;Finalizada avaliada - Não Resolvida;Não Resolvida;1
Nordeste;BA;Salvador;F;entre 21 a 30 anos;2026;4;01/04/2026;;;8;Telecom Gama (fictícia);Operadoras de Telecomunicações (Telefonia, Internet, TV por assinatura);Outros;Assunto;Vício de Qualidade;Serviço não fornecido / interrompido;Loja física;N;S;Finalizada avaliada - Não Resolvida;Não Resolvida;2
Sudeste;SP;São Paulo;M;entre 31 a 40 anos;2026;6;18/06/2026;;;;Telecom Gama (fictícia);Operadoras de Telecomunicações (Telefonia, Internet, TV por assinatura);Outros;Assunto;Contrato / Oferta;Dificuldade / atraso no cancelamento;Telefone;S;N;Finalizada não avaliada;Não Avaliada;
Sul;RS;Porto Alegre;M;entre 41 a 50 anos;2026;3;06/03/2026;;;4;Banco Alfa (fictício);Bancos, Financeiras e Administradoras de Cartão;Serviços Financeiros;Assunto;Cobrança / Contestação;Cobrança por serviço/produto não contratado / não reconhecido / não solicitado;Internet;S;S;Finalizada avaliada - Não Resolvida;Não Resolvida;1
Sudeste;RJ;Rio de Janeiro;M;entre 41 a 50 anos;2026;3;08/03/2026;;;7;Operadora Ômega (fictícia);Operadoras de Telecomunicações (Telefonia, Internet, TV por assinatura);Outros;Assunto;Vício de Qualidade;Serviço não fornecido / interrompido;Internet;N;S;Finalizada avaliada - Resolvida;Resolvida;4
Nordeste;BA;Salvador;M;entre 21 a 30 anos;2026;3;02/03/2026;;;5;Loja Delta (fictícia);Comércio Eletrônico;Outros;Assunto;Vício de Qualidade;Produto danificado / com defeito;Loja física;N;S;Finalizada não avaliada;Não Avaliada;
Sudeste;SP;São Paulo;M;entre 31 a 40 anos;2026;1;14/01/2026;;;5;Banco Alfa (fictício);Bancos, Financeiras e Administradoras de Cartão;Serviços Financeiros;Assunto;Contrato / Oferta;Dificuldade para cancelar o cartão;Loja física;N;S;Finalizada não avaliada;Não Avaliada;
Sudeste;MG;Belo Horizonte;F;entre 41 a 50 anos;2026;8;11/08/2026;;;9;Telecom Gama (fictícia);Operadoras de Telecomunicações (Telefonia, Internet, TV por assinatura);Outros;Assunto;Cobrança / Contestação;Cobrança indevida / abusiva;Loja física;S;S;Finalizada avaliada - Não Resolvida;Não Resolvida;3
Nordeste;BA;Salvador;F;entre 41 a 50 anos;2026;6;06/06/2026;;;7;Banco Alfa (fictício);Bancos, Financeiras e Administradoras de Cartão;Serviços Financeiros;Assunto;Contrato / Oferta;Dificuldade para cancelar o cartão;Loja física;S;S;Finalizada avaliada - Resolvida;Resolvida;5
Sudeste;RJ;Rio de Janeiro;M;entre 21 a 30 anos;2026;5;14/05/2026;;;3;Loja Delta (fictícia);Comércio Eletrônico;Outros;Assunto;Contrato / Oferta;Dificuldade / atraso na devolução de valores pagos;Internet;N;S;Finalizada avaliada - Resolvida;Resolvida;4
Nordeste;BA;Salvador;M;entre 41 a 50 anos;2026;3;31/03/2026;;;6;Banco Alfa (fictício);Bancos, Financeiras e Administradoras de Cartão;Serviços Financeiros;Assunto;Cobrança / Contestação;Cobrança por serviço/produto não contratado / não reconhecido / não solicitado;Internet;S;S;Finalizada avaliada - Resolvida;Resolvida;4
Nordeste;BA;Salvador;M;entre 41 a 50 anos;2026;6;18/06/2026;;;5;Loja Delta (fictícia);Comércio Eletrônico;Outros;Assunto;Entrega do Produto;Não entrega / demora na entrega do produto;Internet;N;S;Finalizada avaliada - Não Resolvida;Não Resolvida;1
Nordeste;BA;Salvador;F;entre 41 a 50 anos;2026;8;25/08/2026;;;;Fintech Beta (fictícia);Bancos, Financeiras e Administradoras de Cartão;Serviços Financeiros;Assunto;Cobrança / Contestação;Cobrança por serviço/produto não contratado / não reconhecido / não solicitado;Loja física;N;N;Finalizada não avaliada;Não Avaliada;
Sul;RS;Porto Alegre;F;entre 21 a 30 anos;2026;7;18/07/2026;;;1;Fintech Beta (fictícia);Bancos, Financeiras e Administradoras de Cartão;Serviços Financeiros;Assunto;Cobrança / Contestação;Cobrança por serviço/produto não contratado / não reconhecido / não solicitado;Telefone;S;S;Finalizada avaliada - Resolvida;Resolvida;4
Nordeste;BA;Salvador;M;entre 41 a 50 anos;2026;1;28/01/2026;;;12;Telecom Gama (fictícia);Operadoras de Telecomunicações (Telefonia, Internet, TV por assinatura);Outros;Assunto;Cobrança / Contestação;Cobrança indevida / abusiva;Loja física;S;S;Finalizada não avaliada;Não Avaliada;
Sul;RS;Porto Alegre;M;entre 31 a 40 anos;2026;1;27/01/2026;;;8;Marketplace Épsilon (fictício);Comércio Eletrônico;Outros;Assunto;Contrato / Oferta;Dificuldade / atraso na devolução de valores pagos;Internet;S;S;Finalizada não avaliada;Não Avaliada;
Nordeste;BA;Salvador;F;entre 31 a 40 anos;2026;3;10/03/2026;;;6;Marketplace Épsilon (fictício);Comércio Eletrônico;Outros;Assunto;Contrato / Oferta;Dificuldade / atraso na devolução de valores pagos;Telefone;N;S;Finalizada avaliada - Resolvida;Resolvida;4
Sudeste;MG;Belo Horizonte;F;entre 41 a 50 anos;2026;2;27/02/2026;;;8;Loja Delta (fictícia);Comércio Eletrônico;Outros;Assunto;Entrega do Produto;Não entrega / demora na entrega do produto;Telefone;N;S;Finalizada avaliada - Resolvida;Resolvida;5
Sul;RS;Porto Alegre;M;entre 21 a 30 anos;2026;5;17/05/2026;;;5;Banco Alfa (fictício);Bancos, Financeiras e Administradoras de Cartão;Serviços Financeiros;Assunto;Cobrança / Contestação;Cobrança por serviço/produto não contratado / não reconhecido / não solicitado;Loja física;S;S;Finalizada avaliada - Não Resolvida;Não Resolvida;2
Sudeste;RJ;Rio de Janeiro;M;entre 21 a 30 anos;2026;3;18/03/2026;;;7;Marketplace Épsilon (fictício);Comércio Eletrônico;Outros;Assunto;Contrato / Oferta;Dificuldade / atraso na devolução de valores pagos;Internet;S;S;Finalizada avaliada - Resolvida;Resolvida;5
Nordeste;BA;Salvador;M;entre 21 a 30 anos;2026;4;10/04/2026;;;4;Banco Alfa (fictício);Bancos, Financeiras e Administradoras de Cartão;Serviços Financeiros;Assunto;Cobrança / Contestação;Cobrança indevida / abusiva;Telefone;S;S;Finalizada avaliada - Resolvida;Resolvida;5
Nordeste;BA;Salvador;M;entre 41 a 50 anos;2026;1;31/01/2026;;;2;Fintech Beta (fictícia);Bancos, Financeiras e Administradoras de Cartão;Serviços Financeiros;Assunto;Cobrança / Contestação;Cobrança por serviço/produto não contratado / não reconhecido / não solicitado;Loja física;S;S;Finalizada não avaliada;Não Avaliada;
Sudeste;RJ;Rio de Janeiro;M;entre 41 a 50 anos;2026;5;06/05/2026;;;3;Marketplace Épsilon (fictício);Comércio Eletrônico;Outros;Assunto;Entrega do Produto;Não entrega / demora na entrega do produto;Loja física;S;S;Finalizada avaliada - Não Resolvida;Não Resolvida;1
Sul;RS;Porto Alegre;M;entre 31 a 40 anos;2026;7;30/07/2026;;;5;Banco Alfa (fictício);Bancos, Financeiras e Administradoras de Cartão;Serviços Financeiros;Assunto;Cobrança / Contestação;Cobrança por serviço/produto não contratado / não reconhecido / não solicitado;Loja física;S;S;Finalizada avaliada - Não Resolvida;Não Resolvida;1
Nordeste;BA;Salvador;F;entre 31 a 40 anos;2026;3;28/03/2026;;;6;Banco Alfa (fictício);Bancos, Financeiras e Administradoras de Cartão;Serviços Financeiros;Assunto;Cobrança / Contestação;Cobrança indevida / abusiva;Internet;S;S;Finalizada não avaliada;Não Avaliada;
Sudeste;SP;São Paulo;M;entre 41 a 50 anos;2026;6;01/06/2026;;;4;Fintech Beta (fictícia);Bancos, Financeiras e Administradoras de Cartão;Serviços Financeiros;Assunto;Cobrança / Contestação;Cobrança indevida / abusiva;Telefone;S;S;Finalizada não avaliada;Não Avaliada;
Sudeste;SP;São Paulo;F;entre 21 a 30 anos;2026;2;04/02/2026;;;9;Telecom Gama (fictícia);Operadoras de Telecomunicações (Telefonia, Internet, TV por assinatura);Outros;Assunto;Contrato / Oferta;Dificuldade / atraso no cancelamento;Internet;N;S;Finalizada não avaliada;Não Avaliada;
Sudeste;RJ;Rio de Janeiro;M;entre 21 a 30 anos;2026;8;26/08/2026;;;4;Banco Alfa (fictício);Bancos, Financeiras e Administradoras de Cartão;Serviços Financeiros;Assunto;Cobrança / Contestação;Cobrança por serviço/produto não contratado / não reconhecido / não solicitado;Internet;N;S;Finalizada avaliada - Não Resolvida;Não Resolvida;3
Sudeste;RJ;Rio de Janeiro;M;entre 41 a 50 anos;2026;8;29/08/2026;;;5;Telecom Gama (fictícia);Operadoras de Telecomunicações (Telefonia, Internet, TV por assinatura);Outros;Assunto;Vício de Qualidade;Serviço não fornecido / interrompido;Telefone;N;S;Finalizada avaliada - Não Resolvida;Não Resolvida;3
Sudeste;RJ;Rio de Janeiro;M;entre 41 a 50 anos;2026;1;31/01/2026;;;;Cartões Zeta (fictícia);Bancos, Financeiras e Administradoras de Cartão;Serviços Financeiros;Assunto;Cobrança / Contestação;Cobrança indevida / abusiva;Telefone;S;N;Finalizada não avaliada;Não Avaliada;
Sudeste;RJ;Rio de Janeiro;F;entre 31 a 40 anos;2026;3;12/03/2026;;;9;Telecom Gama (fictícia);Operadoras de Telecomunicações (Telefonia, Internet, TV por assinatura);Outros;Assunto;Contrato / Oferta;Dificuldade / atraso no cancelamento;Internet;S;S;Finalizada não avaliada;Não Avaliada;
Sudeste;SP;São Paulo;M;entre 21 a 30 anos;2026;6;15/06/2026;;;8;Operadora Ômega (fictícia);Operadoras de Telecomunicações (Telefonia, Internet, TV por assinatura);Outros;Assunto;Cobrança / Contestação;Cobrança indevida / abusiva;Loja física;S;S;Finalizada avaliada - Resolvida;Resolvida;5
Sudeste;RJ;Rio de Janeiro;F;entre 21 a 30 anos;2026;7;21/07/2026;;;4;Marketplace Épsilon (fictício);Comércio Eletrônico;Outros;Assunto;Entrega do Produto;Não entrega / demora na entrega do produto;Loja física;N;S;Finalizada avaliada - Resolvida;Resolvida;5
Sul;RS;Porto Alegre;M;entre 31 a 40 anos;2026;2;28/02/2026;;;3;Fintech Beta (fictícia);Bancos, Financeiras e Administradoras de Cartão;Serviços Financeiros;Assunto;Cobrança / Contestação;Cobrança por serviço/produto não contratado / não reconhecido / não solicitado;Internet;S;S;Finalizada não avaliada;Não Avaliada;
Sudeste;SP;São Paulo;M;entre 41 a 50 anos;2026;8;16/08/2026;;;9;Telecom Gama (fictícia);Operadoras de Telecomunicações (Telefonia, Internet, TV por assinatura);Outros;Assunto;Vício de Qualidade;Serviço não fornecido / interrompido;Telefone;N;S;Finalizada avaliada - Resolvida;Resolvida;5
Sudeste;SP;São Paulo;F;entre 31 a 40 anos;2026;6;27/06/2026;;;6;Fintech Beta (fictícia);Bancos, Financeiras e Administradoras de Cartão;Serviços Financeiros;Assunto;Cobrança / Contestação;Cobrança indevida / abusiva;Internet;N;S;Finalizada avaliada - Resolvida;Resolvida;5
Sudeste;MG;Belo Horizonte;M;entre 31 a 40 anos;2026;2;10/02/2026;;;1;Fintech Beta (fictícia);Bancos, Financeiras e Administradoras de Cartão;Serviços Financeiros;Assunto;Contrato / Oferta;Dificuldade para cancelar o cartão;Loja física;N;S;Finalizada avaliada - Não Resolvida;Não Resolvida;1
Sudeste;MG;Belo Horizonte;M;entre 31 a 40 anos;2026;5;02/05/2026;;;2;Loja Delta (fictícia);Comércio Eletrônico;Outros;Assunto;Entrega do Produto;Não entrega / demora na entrega do produto;Telefone;S;S;Finalizada avaliada - Resolvida;Resolvida;4
Sudeste;RJ;Rio de Janeiro;F;entre 41 a 50 anos;2026;8;22/08/2026;;;11;Marketplace Épsilon (fictício);Comércio Eletrônico;Outros;Assunto;Contrato / Oferta;Dificuldade / atraso na devolução de valores pagos;Telefone;N;S;Finalizada avaliada - Resolvida;Resolvida;4
Sudeste;SP;São Paulo;M;entre 21 a 30 anos;2026;4;26/04/2026;;;4;Loja Delta (fictícia);Comércio Eletrônico;Outros;Assunto;Contrato / Oferta;Dificuldade / atraso na devolução de valores pagos;Telefone;N;S;Finalizada avaliada - Resolvida;Resolvida;5
Sudeste;SP;São Paulo;F;entre 21 a 30 anos;2026;5;03/05/2026;;;4;Fintech Beta (fictícia);Bancos, Financeiras e Administradoras de Cartão;Serviços Financeiros;Assunto;Cobrança / Contestação;Cobrança por serviço/produto não contratado / não reconhecido / não solicitado;Loja física;N;S;Finalizada avaliada - Resolvida;Resolvida;5
Nordeste;BA;Salvador;M;entre 31 a 40 anos;2026;6;30/06/2026;;;8;Banco Alfa (fictício);Bancos, Financeiras e Administradoras de Cartão;Serviços Financeiros;Assunto;Contrato / Oferta;Dificuldade para cancelar o cartão;Loja física;N;S;Finalizada não avaliada;Não Avaliada;
Nordeste;BA;Salvador;M;entre 41 a 50 anos;2026;7;12/07/2026;;;10;Telecom Gama (fictícia);Operadoras de Telecomunicações (Telefonia, Internet, TV por assinatura);Outros;Assunto;Vício de Qualidade;Serviço não fornecido / interrompido;Telefone;S;S;Finalizada não avaliada;Não Avaliada;
Sul;RS;Porto Alegre;F;entre 31 a 40 anos;2026;8;16/08/2026;;;7;Telecom Gama (fictícia);Operadoras de Telecomunicações (Telefonia, Internet, TV por assinatura);Outros;Assunto;Contrato / Oferta;Dificuldade / atraso no cancelamento;Internet;S;S;Finalizada avaliada - Resolvida;Resolvida;4
Sudeste;RJ;Rio de Janeiro;M;entre 41 a 50 anos;2026;3;27/03/2026;;;10;Telecom Gama (fictícia);Operadoras de Telecomunicações (Telefonia, Internet, TV por assinatura);Outros;Assunto;Cobrança / Contestação;Cobrança indevida / abusiva;Internet;N;S;Finalizada não avaliada;Não Avaliada;
Sudeste;MG;Belo Horizonte;F;entre 41 a 50 anos;2026;6;24/06/2026;;;10;Cartões Zeta (fictícia);Bancos, Financeiras e Administradoras de Cartão;Serviços Financeiros;Assunto;Contrato / Oferta;Dificuldade para cancelar o cartão;Loja física;S;S;Finalizada avaliada - Resolvida;Resolvida;5
Sudeste;MG;Belo Horizonte;M;entre 21 a 30 anos;2026;8;19/08/2026;;;5;Telecom Gama (fictícia);Operadoras de Telecomunicações (Telefonia, Internet, TV por assinatura);Outros;Assunto;Contrato / Oferta;Dificuldade / atraso no cancelamento;Telefone;S;S;Finalizada não avaliada;Não Avaliada;
Sul;RS;Porto Alegre;M;entre 21 a 30 anos;2026;1;20/01/2026;;;4;Banco Alfa (fictício);Bancos, Financeiras e Administradoras de Cartão;Serviços Financeiros;Assunto;Cobrança / Contestação;Cobrança indevida / abusiva;Loja física;S;S;Finalizada avaliada - Resolvida;Resolvida;5
Nordeste;BA;Salvador;F;entre 31 a 40 anos;2026;3;30/03/2026;;;3;Fintech Beta (fictícia);Bancos, Financeiras e Administradoras de Cartão;Serviços Financeiros;Assunto;Cobrança / Contestação;Cobrança indevida / abusiva;Loja física;N;S;Finalizada avaliada - Resolvida;Resolvida;4
Nordeste;BA;Salvador;F;entre 41 a 50 anos;2026;6;01/06/2026;;;7;Operadora Ômega (fictícia);Operadoras de Telecomunicações (Telefonia, Internet, TV por assinatura);Outros;Assunto;Vício de Qualidade;Serviço não fornecido / interrompido;Internet;N;S;Finalizada avaliada - Resolvida;Resolvida;5
Sudeste;RJ;Rio de Janeiro;M;entre 41 a 50 anos;2026;5;04/05/2026;;;5;Banco Alfa (fictício);Bancos, Financeiras e Administradoras de Cartão;Serviços Financeiros;Assunto;Contrato / Oferta;Dificuldade para cancelar o cartão;Loja física;N;S;Finalizada avaliada - Resolvida;Resolvida;4
Sudeste;RJ;Rio de Janeiro;F;entre 31 a 40 anos;2026;2;11/02/2026;;;10;Banco Alfa (fictício);Bancos, Financeiras e Administradoras de Cartão;Serviços Financeiros;Assunto;Cobrança / Contestação;Cobrança indevida / abusiva;Telefone;S;S;Finalizada avaliada - Resolvida;Resolvida;4
Sul;RS;Porto Alegre;F;entre 31 a 40 anos;2026;3;30/03/2026;;;1;Fintech Beta (fictícia);Bancos, Financeiras e Administradoras de Cartão;Serviços Financeiros;Assunto;Cobrança / Contestação;Cobrança por serviço/produto não contratado / não reconhecido / não solicitado;Internet;N;S;Finalizada avaliada - Resolvida;Resolvida;4
Sudeste;SP;São Paulo;F;entre 31 a 40 anos;2026;7;09/07/2026;;;7;Marketplace Épsilon (fictício);Comércio Eletrônico;Outros;Assunto;Entrega do Produto;Não entrega / demora na entrega do produto;Loja física;S;S;Finalizada avaliada - Resolvida;Resolvida;5
Nordeste;BA;Salvador;M;entre 31 a 40 anos;2026;3;28/03/2026;;;4;Loja Delta (fictícia);Comércio Eletrônico;Outros;Assunto;Contrato / Oferta;Dificuldade / atraso na devolução de valores pagos;Loja física;S;S;Finalizada avaliada - Resolvida;Resolvida;5
Sul;RS;Porto Alegre;M;entre 21 a 30 anos;2026;1;15/01/2026;;;4;Telecom Gama (fictícia);Operadoras de Telecomunicações (Telefonia, Internet, TV por assinatura);Outros;Assunto;Cobrança / Contestação;Cobrança indevida / abusiva;Internet;N;S;Finalizada avaliada - Resolvida;Resolvida;5
Sudeste;MG;Belo Horizonte;F;entre 31 a 40 anos;2026;4;11/04/2026;;;6;Operadora Ômega (fictícia);Operadoras de Telecomunicações (Telefonia, Internet, TV por assinatura);Outros;Assunto;Cobrança / Contestação;Cobrança indevida / abusiva;Internet;N;S;Finalizada não avaliada;Não Avaliada;
Sudeste;SP;São Paulo;M;entre 41 a 50 anos;2026;3;14/03/2026;;;11;Cartões Zeta (fictícia);Bancos, Financeiras e Administradoras de Cartão;Serviços Financeiros;Assunto;Contrato / Oferta;Dificuldade para cancelar o cartão;Telefone;N;S;Finalizada avaliada - Resolvida;Resolvida;4
Sudeste;RJ;Rio de Janeiro;M;entre 21 a 30 anos;2026;7;26/07/2026;;;7;Loja Delta (fictícia);Comércio Eletrônico;Outros;Assunto;Vício de Qualidade;Produto danificado / com defeito;Telefone;N;S;Finalizada avaliada - Não Resolvida;Não Resolvida;1
Sul;RS;Porto Alegre;F;entre 41 a 50 anos;2026;1;17/01/2026;;;3;Marketplace Épsilon (fictício);Comércio Eletrônico;Outros;Assunto;Contrato / Oferta;Dificuldade / atraso na devolução de valores pagos;Telefone;N;S;Finalizada avaliada - Resolvida;Resolvida;4
Sudeste;MG;Belo Horizonte;F;entre 31 a 40 anos;2026;7;13/07/2026;;;7;Banco Alfa (fictício);Bancos, Financeiras e Administradoras de Cartão;Serviços Financeiros;Assunto;Atendimento / SAC;Dificuldade de contato / acesso a outros canais;Loja física;N;S;Finalizada avaliada - Resolvida;Resolvida;5
Sudeste;RJ;Rio de Janeiro;F;entre 31 a 40 anos;2026;3;09/03/2026;;;7;Fintech Beta (fictícia);Bancos, Financeiras e Administradoras de Cartão;Serviços Financeiros;Assunto;Cobrança / Contestação;Cobrança por serviço/produto não contratado / não reconhecido / não solicitado;Internet;N;S;Finalizada avaliada - Resolvida;Resolvida;4
Sudeste;RJ;Rio de Janeiro;F;entre 31 a 40 anos;2026;1;08/01/2026;;;4;Marketplace Épsilon (fictício);Comércio Eletrônico;Outros;Assunto;Contrato / Oferta;Dificuldade / atraso na devolução de valores pagos;Loja física;N;S;Finalizada avaliada - Não Resolvida;Não Resolvida;3
Sul;RS;Porto Alegre;M;entre 31 a 40 anos;2026;5;12/05/2026;;;11;Marketplace Épsilon (fictício);Comércio Eletrônico;Outros;Assunto;Entrega do Produto;Não entrega / demora na entrega do produto;Telefone;S;S;Finalizada avaliada - Resolvida;Resolvida;4
Sul;RS;Porto Alegre;M;entre 41 a 50 anos;2026;4;03/04/2026;;;11;Cartões Zeta (fictícia);Bancos, Financeiras e Administradoras de Cartão;Serviços Financeiros;Assunto;Cobrança / Contestação;Cobrança por serviço/produto não contratado / não reconhecido / não solicitado;Internet;S;S;Finalizada avaliada - Não Resolvida;Não Resolvida;1
Sudeste;MG;Belo Horizonte;F;entre 31 a 40 anos;2026;3;24/03/2026;;;7;Telecom Gama (fictícia);Operadoras de Telecomunicações (Telefonia, Internet, TV por assinatura);Outros;Assunto;Cobrança / Contestação;Cobrança indevida / abusiva;Loja física;N;S;Finalizada não avaliada;Não Avaliada;
Sudeste;RJ;Rio de Janeiro;M;entre 21 a 30 anos;2026;1;04/01/2026;;;5;Banco Alfa (fictício);Bancos, Financeiras e Administradoras de Cartão;Serviços Financeiros;Assunto;Contrato / Oferta;Dificuldade para cancelar o cartão;Internet;S;S;Finalizada avaliada - Não Resolvida;Não Resolvida;1
Sudeste;MG;Belo Horizonte;F;entre 31 a 40 anos;2026;6;26/06/2026;;;7;Loja Delta (fictícia);Comércio Eletrônico;Outros;Assunto;Contrato / Oferta;Dificuldade / atraso na devolução de valores pagos;Internet;S;S;Finalizada avaliada - Resolvida;Resolvida;4
Nordeste;BA;Salvador;F;entre 21 a 30 anos;2026;3;31/03/2026;;;2;Loja Delta (fictícia);Comércio Eletrônico;Outros;Assunto;Entrega do Produto;Não entrega / demora na entrega do produto;Loja física;N;S;Finalizada não avaliada;Não Avaliada;
Sudeste;RJ;Rio de Janeiro;M;entre 21 a 30 anos;2026;2;02/02/2026;;;9;Banco Alfa (fictício);Bancos, Financeiras e Administradoras de Cartão;Serviços Financeiros;Assunto;Cobrança / Contestação;Cobrança por serviço/produto não contratado / não reconhecido / não solicitado;Internet;N;S;Finalizada avaliada - Resolvida;Resolvida;4
Sudeste;SP;São Paulo;F;entre 21 a 30 anos;2026;1;05/01/2026;;;7;Operadora Ômega (fictícia);Operadoras de Telecomunicações (Telefonia, Internet, TV por assinatura);Outros;Assunto;Cobrança / Contestação;Cobrança indevida / abusiva;Telefone;S;S;Finalizada avaliada - Não Resolvida;Não Resolvida;1
Sudeste;SP;São Paulo;M;entre 41 a 50 anos;2026;7;20/07/2026;;;5;Banco Alfa (fictício);Bancos, Financeiras e Administradoras de Cartão;Serviços Financeiros;Assunto;Cobrança / Contestação;Cobrança por serviço/produto não contratado / não reconhecido / não solicitado;Telefone;S;S;Finalizada avaliada - Resolvida;Resolvida;4
Sudeste;MG;Belo Horizonte;M;entre 41 a 50 anos;2026;3;31/03/2026;;;8;Banco Alfa (fictício);Bancos, Financeiras e Administradoras de Cartão;Serviços Financeiros;Assunto;Contrato / Oferta;Dificuldade para cancelar o cartão;Internet;S;S;Finalizada avaliada - Resolvida;Resolvida;4
Sudeste;RJ;Rio de Janeiro;F;entre 31 a 40 anos;2026;8;19/08/2026;;;4;Operadora Ômega (fictícia);Operadoras de Telecomunicações (Telefonia, Internet, TV por assinatura);Outros;Assunto;Vício de Qualidade;Serviço não fornecido / interrompido;Loja física;S;S;Finalizada avaliada - Não Resolvida;Não Resolvida;1
Sudeste;RJ;Rio de Janeiro;M;entre 31 a 40 anos;2026;8;02/08/2026;;;7;Telecom Gama (fictícia);Operadoras de Telecomunicações (Telefonia, Internet, TV por assinatura);Outros;Assunto;Cobrança / Contestação;Cobrança indevida / abusiva;Internet;S;S;Finalizada avaliada - Resolvida;Resolvida;5
Sul;RS;Porto Alegre;F;entre 31 a 40 anos;2026;5;23/05/2026;;;9;Telecom Gama (fictícia);Operadoras de Telecomunicações (Telefonia, Internet, TV por assinatura);Outros;Assunto;Vício de Qualidade;Serviço não fornecido / interrompido;Loja física;N;S;Finalizada avaliada - Resolvida;Resolvida;5
Sudeste;RJ;Rio de Janeiro;F;entre 41 a 50 anos;2026;5;22/05/2026;;;9;Operadora Ômega (fictícia);Operadoras de Telecomunicações (Telefonia, Internet, TV por assinatura);Outros;Assunto;Vício de Qualidade;Serviço não fornecido / interrompido;Telefone;S;S;Finalizada não avaliada;Não Avaliada;
Sudeste;SP;São Paulo;F;entre 31 a 40 anos;2026;4;12/04/2026;;;6;Banco Alfa (fictício);Bancos, Financeiras e Administradoras de Cartão;Serviços Financeiros;Assunto;Atendimento / SAC;Dificuldade de contato / acesso a outros canais;Loja física;S;S;Finalizada avaliada - Resolvida;Resolvida;4
Sudeste;SP;São Paulo;F;entre 21 a 30 anos;2026;4;04/04/2026;;;;Loja Delta (fictícia);Comércio Eletrônico;Outros;Assunto;Entrega do Produto;Não entrega / demora na entrega do produto;Loja física;N;N;Finalizada não avaliada;Não Avaliada;
Nordeste;BA;Salvador;F;entre 31 a 40 anos;2026;3;13/03/2026;;;6;Banco Alfa (fictício);Bancos, Financeiras e Administradoras de Cartão;Serviços Financeiros;Assunto;Atendimento / SAC;Dificuldade de contato / acesso a outros canais;Telefone;N;S;Finalizada não avaliada;Não Avaliada;
Sul;RS;Porto Alegre;M;entre 41 a 50 anos;2026;2;07/02/2026;;;2;Marketplace Épsilon (fictício);Comércio Eletrônico;Outros;Assunto;Contrato / Oferta;Dificuldade / atraso na devolução de valores pagos;Internet;S;S;Finalizada avaliada - Resolvida;Resolvida;5
Sudeste;SP;São Paulo;M;entre 41 a 50 anos;2026;5;08/05/2026;;;8;Banco Alfa (fictício);Bancos, Financeiras e Administradoras de Cartão;Serviços Financeiros;Assunto;Cobrança / Contestação;Cobrança por serviço/produto não contratado / não reconhecido / não solicitado;Loja física;N;S;Finalizada avaliada - Resolvida;Resolvida;4
Sul;RS;Porto Alegre;M;entre 31 a 40 anos;2026;6;19/06/2026;;;4;Loja Delta (fictícia);Comércio Eletrônico;Outros;Assunto;Entrega do Produto;Não entrega / demora na entrega do produto;Internet;N;S;Finalizada avaliada - Resolvida;Resolvida;4
Nordeste;BA;Salvador;M;entre 31 a 40 anos;2026;4;28/04/2026;;;9;Telecom Gama (fictícia);Operadoras de Telecomunicações (Telefonia, Internet, TV por assinatura);Outros;Assunto;Vício de Qualidade;Serviço não fornecido / interrompido;Telefone;S;S;Finalizada não avaliada;Não Avaliada;
Nordeste;BA;Salvador;F;entre 41 a 50 anos;2026;7;15/07/2026;;;6;Fintech Beta (fictícia);Bancos, Financeiras e Administradoras de Cartão;Serviços Financeiros;Assunto;Atendimento / SAC;Dificuldade de contato / acesso a outros canais;Internet;S;S;Finalizada avaliada - Resolvida;Resolvida;5
Sudeste;MG;Belo Horizonte;M;entre 31 a 40 anos;2026;4;07/04/2026;;;6;Cartões Zeta (fictícia);Bancos, Financeiras e Administradoras de Cartão;Serviços Financeiros;Assunto;Atendimento / SAC;Dificuldade de contato / acesso a outros canais;Telefone;S;S;Finalizada avaliada - Resolvida;Resolvida;4
Sul;RS;Porto Alegre;M;entre 41 a 50 anos;2026;4;08/04/2026;;;8;Loja Delta (fictícia);Comércio Eletrônico;Outros;Assunto;Contrato / Oferta;Dificuldade / atraso na devolução de valores pagos;Internet;S;S;Finalizada avaliada - Resolvida;Resolvida;5
Sudeste;MG;Belo Horizonte;M;entre 31 a 40 anos;2026;1;22/01/2026;;;5;Fintech Beta (fictícia);Bancos, Financeiras e Administradoras de Cartão;Serviços Financeiros;Assunto;Contrato / Oferta;Dificuldade para cancelar o cartão;Loja física;N;S;Finalizada avaliada - Resolvida;Resolvida;5
Sul;RS;Porto Alegre;F;entre 31 a 40 anos;2026;1;06/01/2026;;;9;Telecom Gama (fictícia);Operadoras de Telecomunicações (Telefonia, Internet, TV por assinatura);Outros;Assunto;Vício de Qualidade;Serviço não fornecido / interrompido;Loja física;S;S;Finalizada avaliada - Não Resolvida;Não Resolvida;3
Sudeste;RJ;Rio de Janeiro;M;entre 31 a 40 anos;2026;3;28/03/2026;;;5;Loja Delta (fictícia);Comércio Eletrônico;Outros;Assunto;Entrega do Produto;Não entrega / demora na entrega do produto;Loja física;S;S;Finalizada avaliada - Resolvida;Resolvida;5
Sudeste;RJ;Rio de Janeiro;M;entre 41 a 50 anos;2026;3;15/03/2026;;;1;Loja Delta (fictícia);Comércio Eletrônico;Outros;Assunto;Contrato / Oferta;Dificuldade / atraso na devolução de valores pagos;Loja física;S;S;Finalizada avaliada - Resolvida;Resolvida;4
Sudeste;SP;São Paulo;F;entre 41 a 50 anos;2026;5;26/05/2026;;;7;Telecom Gama (fictícia);Operadoras de Telecomunicações (Telefonia, Internet, TV por assinatura);Outros;Assunto;Vício de Qualidade;Serviço não fornecido / interrompido;Telefone;N;S;Finalizada não avaliada;Não Avaliada;
Sudeste;RJ;Rio de Janeiro;M;entre 41 a 50 anos;2026;4;17/04/2026;;;7;Operadora Ômega (fictícia);Operadoras de Telecomunicações (Telefonia, Internet, TV por assinatura);Outros;Assunto;Vício de Qualidade;Serviço não fornecido / interrompido;Loja física;S;S;Finalizada avaliada - Resolvida;Resolvida;4
Nordeste;BA;Salvador;F;entre 41 a 50 anos;2026;3;10/03/2026;;;5;Telecom Gama (fictícia);Operadoras de Telecomunicações (Telefonia, Internet, TV por assinatura);Outros;Assunto;Cobrança / Contestação;Cobrança indevida / abusiva;Loja física;S;S;Finalizada não avaliada;Não Avaliada;
Nordeste;BA;Salvador;F;entre 31 a 40 anos;2026;2;07/02/2026;;;7;Telecom Gama (fictícia);Operadoras de Telecomunicações (Telefonia, Internet, TV por assinatura);Outros;Assunto;Vício de Qualidade;Serviço não fornecido / interrompido;Telefone;N;S;Finalizada não avaliada;Não Avaliada;
Sudeste;RJ;Rio de Janeiro;M;entre 21 a 30 anos;2026;8;05/08/2026;;;5;Loja Delta (fictícia);Comércio Eletrônico;Outros;Assunto;Entrega do Produto;Não entrega / demora na entrega do produto;Internet;S;S;Finalizada avaliada - Resolvida;Resolvida;5
Nordeste;BA;Salvador;M;entre 21 a 30 anos;2026;5;05/05/2026;;;3;Banco Alfa (fictício);Bancos, Financeiras e Administradoras de Cartão;Serviços Financeiros;Assunto;Contrato / Oferta;Dificuldade para cancelar o cartão;Telefone;S;S;Finalizada avaliada - Resolvida;Resolvida;4
Sudeste;MG;Belo Horizonte;M;entre 21 a 30 anos;2026;2;15/02/2026;;;9;Banco Alfa (fictício);Bancos, Financeiras e Administradoras de Cartão;Serviços Financeiros;Assunto;Contrato / Oferta;Dificuldade para cancelar o cartão;Telefone;N;S;Finalizada não avaliada;Não Avaliada;
Sul;RS;Porto Alegre;M;entre 21 a 30 anos;2026;6;21/06/2026;;;5;Loja Delta (fictícia);Comércio Eletrônico;Outros;Assunto;Vício de Qualidade;Produto danificado / com defeito;Loja física;S;S;Finalizada avaliada - Não Resolvida;Não Resolvida;1
Sudeste;MG;Belo Horizonte;F;entre 31 a 40 anos;2026;3;06/03/2026;;;10;Telecom Gama (fictícia);Operadoras de Telecomunicações (Telefonia, Internet, TV por assinatura);Outros;Assunto;Contrato / Oferta;Dificuldade / atraso no cancelamento;Loja física;N;S;Finalizada não avaliada;Não Avaliada;
Sudeste;RJ;Rio de Janeiro;F;entre 31 a 40 anos;2026;8;28/08/2026;;;5;Loja Delta (fictícia);Comércio Eletrônico;Outros;Assunto;Contrato / Oferta;Dificuldade / atraso na devolução de valores pagos;Telefone;S;S;Finalizada avaliada - Resolvida;Resolvida;5
Sudeste;SP;São Paulo;F;entre 31 a 40 anos;2026;3;23/03/2026;;;7;Telecom Gama (fictícia);Operadoras de Telecomunicações (Telefonia, Internet, TV por assinatura);Outros;Assunto;Vício de Qualidade;Serviço não fornecido / interrompido;Loja física;N;S;Finalizada avaliada - Não Resolvida;Não Resolvida;1
